kab_kota,Melahirkan Tidak di Faskes,Kemiskinan,Konsumsi Protein,Pangan Hewani,RLS,faktor_dominan
Aceh Barat,0.1468980698109616,0.24471991101386456,0.18198442059311878,0.2029869763824059,0.22341062219964922,Kemiskinan
Aceh Barat Daya,0.14965809845079076,0.22685772542632193,0.1997470442824777,0.2153821984122255,0.20835493342818406,Kemiskinan
Aceh Besar,0.14850253213114456,0.2367262155026953,0.1851865395751899,0.21502381543757568,0.2145608973533946,Kemiskinan
Aceh Jaya,0.14173235698510472,0.24628592762550974,0.1884011386710176,0.20342926594488941,0.2201513107734786,Kemiskinan
Aceh Selatan,0.1586500972306644,0.22130720244585553,0.19164719003005956,0.2266375053434643,0.2017580049499562,Pangan Hewani
Aceh Singkil,0.15352024469716574,0.20333840781155224,0.19528622642893512,0.23091873966364773,0.2169363813986991,Pangan Hewani
Aceh Tamiang,0.15511858907911977,0.22837203583734597,0.18962872583605123,0.20643283899655243,0.22044781025093063,Kemiskinan
Aceh Tengah,0.16140456180869345,0.22528264688344798,0.19005163200347716,0.20744239992115673,0.2158187593832247,Kemiskinan
Aceh Tenggara,0.15145340768309581,0.23889066085169455,0.1922973682898373,0.22151156653928747,0.19584699663608485,Kemiskinan
Aceh Timur,0.14973154466287614,0.22847995558093942,0.19440973448820165,0.20491755914165022,0.2224612061263326,Kemiskinan
Aceh Utara,0.14908505545044073,0.25117076577935565,0.18904658188421425,0.20902339037332204,0.20167420651266732,Kemiskinan
Adm. Kep. Seribu,0.2058036584351398,0.17694698128447414,0.18409135626246845,0.19413013808642327,0.2390278659314943,RLS
Agam,0.1940671014310866,0.20833994326862568,0.17356592681110125,0.21645291013724727,0.20757411835193926,Pangan Hewani
Alor,0.1272739788694827,0.20950793885510988,0.14728030823380667,0.29433954701436255,0.22159822702723828,Pangan Hewani
Asahan,0.1720556344592407,0.19236035564588297,0.21444656745512158,0.23817338226006537,0.1829640601796894,Pangan Hewani
Badung,0.1927725926516129,0.23794935105045983,0.18564468174744822,0.18964754434524098,0.1939858302052381,Kemiskinan
Balangan,0.16545778139635117,0.2008115174364591,0.20573580136449401,0.2054155145152351,0.22257938528746055,RLS
Bandung,0.22938781752063506,0.18152273913289863,0.18466150268632983,0.2028713794581368,0.2015565612019997,Melahirkan Tidak di Faskes
Bandung Barat,0.2031419912163727,0.17922255698555545,0.17590538322483917,0.2203361462592012,0.22139392231403143,RLS
Banggai,0.1646174054607198,0.22656128381907426,0.18717035178489017,0.20558542060113344,0.21606553833418238,Kemiskinan
Banggai Kepulauan,0.1743453624228851,0.22272763001638124,0.19982025465876962,0.2012456961260741,0.20186105677589,Kemiskinan
Banggai Laut,0.18080997589826603,0.2292691016353691,0.17721793536975608,0.18940991814183977,0.22329306895476903,Kemiskinan
Bangka,0.166120692620538,0.2276472948938078,0.21913117816642028,0.17170301814383648,0.21539781617539744,Kemiskinan
Bangka Barat,0.1657035613075717,0.2226294466782027,0.2260760342831114,0.16777674757467537,0.21781421015643895,Konsumsi Protein
Bangka Selatan,0.1667533778036679,0.2194660267292284,0.21571097101542583,0.17663440378447554,0.22143522066720228,RLS
Bangka Tengah,0.15416272578809964,0.2048092640490594,0.22644305776351425,0.17915698044062955,0.2354279719586972,RLS
Bangkalan,0.1087414425392766,0.24291169096360982,0.21161892293537737,0.22574003925183966,0.21098790430989656,Kemiskinan
Bangli,0.1923781304632329,0.23861938636341373,0.19229512530497864,0.1921595177465421,0.18454784012183267,Kemiskinan
Banjar,0.1821934052642698,0.18889271193747503,0.20129164686961534,0.20674292899809588,0.22087930693054403,RLS
Banjarnegara,0.10070980641372669,0.2308221611692288,0.1998315557313947,0.22059656257728866,0.24803991410836115,RLS
Bantaeng,0.13437421298066385,0.20230568435398444,0.2083926405110176,0.24588781799395962,0.2090396441603745,Pangan Hewani
Bantul,0.09253363708716976,0.21895575258720357,0.20822776630771384,0.21168856084928542,0.26859428316862743,RLS
Banyuasin,0.15970217083678198,0.25848666534344705,0.21761050141648774,0.1629906928510623,0.20120996955222095,Kemiskinan
Banyumas,0.15210367373129,0.2291025837877143,0.19554502887275438,0.21109343954498197,0.21215527406325937,Kemiskinan
Banyuwangi,0.16213744186144116,0.2295366802570283,0.21082874759024103,0.19698930396522418,0.20050782632606534,Kemiskinan
Barito Kuala,0.1846127173117439,0.19911924820585425,0.20606387672502258,0.19158002350442774,0.2186241342529515,RLS
Barito Selatan,0.1840969990370543,0.19035159237327345,0.20455159996764039,0.2074253928447469,0.21357441577728498,RLS
Barito Timur,0.18551058030161102,0.19471964753575222,0.2112412480868807,0.19440127728929946,0.21412724678645664,RLS
Barito Utara,0.1963381616815566,0.1974188810186986,0.19834679109876935,0.21010284181261213,0.19779332438836336,Pangan Hewani
Barru,0.13495389885595144,0.21041882105500498,0.2058646323596527,0.2486166237088368,0.20014602402055406,Pangan Hewani
Batang,0.09580998707579808,0.22495870972662846,0.21263997592927916,0.21971205923040368,0.2468792680378906,RLS
Batanghari,0.20027501024192118,0.23050353123569467,0.18393208253934532,0.18373636838133972,0.20155300760169906,Kemiskinan
Batu Bara,0.1646197366104317,0.1978467693945439,0.19769752731248408,0.2484245485307028,0.1914114181518375,Pangan Hewani
Bekasi,0.17476234450664993,0.1958942686727646,0.18554974298976912,0.2113805797147339,0.23241306411608248,RLS
Belitung,0.19045867903683497,0.22363347661127986,0.17604958329521075,0.17555254601143322,0.23430571504524123,RLS
Belitung Timur,0.1779926879683777,0.20872580913769673,0.19138593760556422,0.18946341781876613,0.23243214746959526,RLS
Belu,0.15196856500050482,0.21913207652334055,0.15092780490194113,0.2851249841118928,0.1928465694623207,Pangan Hewani
Bener Meriah,0.1499678644135271,0.23482921653250688,0.19333582837910415,0.2133839941470397,0.20848309652782213,Kemiskinan
Bengkalis,0.17787843342913354,0.19688266275574162,0.18156343207850376,0.25201483102418026,0.1916606407124409,Pangan Hewani
Bengkayang,0.17624222695327482,0.18148923204520664,0.17437666290443715,0.23269336785218897,0.23519851024489244,RLS
Bengkulu Selatan,0.1353065249145487,0.26543190109537107,0.22106792273397755,0.16247717047387808,0.21571648078222458,Kemiskinan
Bengkulu Tengah,0.16139882026130295,0.2416549812924721,0.2002630984505847,0.1935852699253404,0.2030978300702998,Kemiskinan
Bengkulu Utara,0.1785219031327665,0.23120856598722528,0.1994242704298284,0.17867533772135885,0.212169922728821,Kemiskinan
Berau,0.16744609548052786,0.2147752718783914,0.18499970287535902,0.24320148184008566,0.18957744792563605,Pangan Hewani
Biak Numfor,0.1900183326726333,0.2168781286027667,0.18257663414378014,0.18474731302106764,0.22577959155975222,RLS
Bima,0.17235742570505205,0.3017306000580817,0.1716730847090331,0.18918883183606966,0.16505005769176345,Kemiskinan
Bintan,0.2032062601104365,0.1844067141717498,0.18606479702904863,0.18908491487364876,0.23723731381511634,RLS
Bireuen,0.1499438393875119,0.24719908326017842,0.1841672867861801,0.21423917802052772,0.20445061254560182,Kemiskinan
Blitar,0.11801325627368477,0.2380688800877765,0.19602594409864835,0.1981271750972381,0.24976474444265234,RLS
Blora,0.11440506017535615,0.22042699116285486,0.2197111621113499,0.20528699134821904,0.24016979520222012,RLS
Boalemo,0.15461895599735648,0.235960853531308,0.19778668765794033,0.20089041730719123,0.2107430855062039,Kemiskinan
Bogor,0.1812258911753463,0.18079798873480796,0.17904793427536594,0.2169541860145215,0.24197399979995834,RLS
Bojonegoro,0.11762429830940303,0.21833749899665078,0.21590451608156425,0.21359304011775754,0.23454064649462442,RLS
Bolaang Mongondow,0.1769489365576104,0.2214139202205449,0.189160559035623,0.18926009510033687,0.2232164890858848,RLS
Bolaang Mongondow Selatan,0.1727681550684486,0.22263035839760267,0.19463046278142823,0.1875083442706077,0.22246267948191287,Kemiskinan
Bolaang Mongondow Timur,0.17195811662698574,0.2183713042085037,0.1946496572074259,0.18810254228151635,0.22691837967556827,RLS
Bolaang Mongondow Utara,0.17188231723862202,0.224411068728256,0.20906313001231616,0.19068422566244034,0.20395925835836548,Kemiskinan
Bombana,0.1525813961831387,0.19926986418928785,0.20262305404041447,0.2345643987177081,0.21096128686945084,Pangan Hewani
Bondowoso,0.15054805599305818,0.22483163640139134,0.20566373261307097,0.20221680600347572,0.21673976898900382,Kemiskinan
Bone,0.14807950153890556,0.2075968913604235,0.19508885276262225,0.24579943583403596,0.2034353185040127,Pangan Hewani
Bone Bolango,0.16820083356334814,0.22758689702218415,0.20088296713812423,0.18794600907563774,0.2153832932007057,Kemiskinan
Boyolali,0.0831848564495293,0.2197788140594968,0.2069966267353844,0.21802297239103066,0.2720167303645588,RLS
Brebes,0.15703075871707128,0.23103937773094246,0.19042986102662504,0.20773386888395354,0.21376613364140773,Kemiskinan
Buleleng,0.18572013115831768,0.2447743260537971,0.18690717082830774,0.17963414996503524,0.2029642219945423,Kemiskinan
Bulukumba,0.13639743221332282,0.20577605099453075,0.2188150070266954,0.24352510083711332,0.19548640892833777,Pangan Hewani
Bulungan,0.1656274763368106,0.21212025220571762,0.18391446836987124,0.2454516713874574,0.19288613170014315,Pangan Hewani
Bungo,0.21115370230016708,0.21129849722548283,0.17386850847272234,0.19391991803930664,0.20975937396232114,Kemiskinan
Buol,0.15540418128021496,0.23289599063246622,0.1815662222438299,0.20337200121488325,0.22676160462860573,Kemiskinan
Buru,0.1831995091510886,0.21038016502100648,0.18564617343713327,0.20260485437170983,0.21816929801906182,RLS
Buru Selatan,0.16804639968574478,0.2194294780513123,0.17831092679031796,0.20245576976702725,0.23175742570559768,RLS
Buton,0.149746614464558,0.22519619106393668,0.18028808999153065,0.2415449954722551,0.20322410900771956,Pangan Hewani
Buton Selatan,0.14205240462761606,0.21388801054753986,0.180261008197538,0.2600954075800982,0.2037031690472079,Pangan Hewani
Buton Tengah,0.1489460032744675,0.2174924115681583,0.1846508696192485,0.2350899014275327,0.213820814110593,Pangan Hewani
Buton Utara,0.15623373665770848,0.19982100852871298,0.19121558723596477,0.22852050385014827,0.22420916372746547,Pangan Hewani
Ciamis,0.1723813112430706,0.21206917433324216,0.20114975969418297,0.20906395704489816,0.20533579768460608,Kemiskinan
Cianjur,0.23036018644343267,0.16908154487986904,0.18092284323130503,0.20060305131608194,0.2190323741293113,Melahirkan Tidak di Faskes
Cilacap,0.16279128644221502,0.22409859462130438,0.19239024831428286,0.21374631815090211,0.2069735524712956,Kemiskinan
Cirebon,0.1701201985570483,0.20908390189778892,0.1964410176056331,0.21421594976753655,0.2101389321719932,Pangan Hewani
Dairi,0.16062508069779605,0.2225278782204398,0.19234082136614628,0.23158084092892117,0.19292537878669663,Pangan Hewani
Deli Serdang,0.15005553521364867,0.2065805909759659,0.1985166872873884,0.21880970119962273,0.22603748532337434,RLS
Demak,0.09332627072878717,0.24228502927170906,0.19149081860172099,0.21881941032370994,0.25407847107407283,RLS
Dharmasraya,0.22426426180655812,0.18647919297828625,0.17745937889107577,0.2040900035881636,0.20770716273591627,Melahirkan Tidak di Faskes
Dompu,0.1845598653731589,0.2883025121818251,0.16181787880679627,0.1863529052350062,0.17896683840321356,Kemiskinan
Donggala,0.14531204825345642,0.2186085707116827,0.20811886837119506,0.22360933082140694,0.2043511818422589,Pangan Hewani
Empat Lawang,0.14804914510794706,0.26746490437229026,0.2119201862344566,0.17152823850461335,0.20103752578069278,Kemiskinan
Ende,0.14475219605639372,0.23773943516971624,0.18477352051741064,0.23497356737145664,0.19776128088502284,Kemiskinan
Enrekang,0.13561892914639648,0.20174480198449837,0.22402689664537107,0.24117765609867506,0.19743171612505903,Pangan Hewani
Fak Fak,0.1952124248339139,0.18792102308933417,0.1896691549764056,0.21010323356816218,0.21709416353218414,RLS
Flores Timur,0.14701002392899698,0.21135153565222833,0.17468707832889802,0.2660280665877004,0.20092329550217622,Pangan Hewani
Garut,0.2229280038323275,0.1876163035798997,0.17970169478984627,0.19929685244632997,0.21045714535159657,Melahirkan Tidak di Faskes
Gayo Lues,0.15210803791913358,0.21915282856822593,0.19037447282475226,0.22157938185216838,0.21678527883571988,Pangan Hewani
Gianyar,0.196443271788605,0.2509665767659635,0.1857857377073343,0.1819935851865227,0.1848108285515745,Kemiskinan
Gorontalo,0.16225917900446293,0.2391257239228306,0.18076498467915358,0.18628707781264228,0.2315630345809106,Kemiskinan
Gorontalo Utara,0.1727411609044688,0.2325645297321387,0.18105109521433846,0.18892382345396688,0.22471939069508715,Kemiskinan
Gowa,0.13681035362304317,0.21254834944348977,0.20572530303232886,0.22944362632698162,0.21547236757415653,Pangan Hewani
Gresik,0.11586871117968377,0.2215958688519124,0.20780754726130138,0.23071370893036974,0.22401416377673275,Pangan Hewani
Grobogan,0.09190819904832025,0.2245579458865582,0.21476756833346783,0.20447015606097144,0.2642961306706823,RLS
Gunung Mas,0.19319594888791858,0.18981994129827187,0.22073583479707903,0.19705842118469058,0.1991898538320399,Konsumsi Protein
Gunungkidul,0.09085512703578706,0.22663130559820674,0.2122001130481358,0.21807364085027214,0.2522398134675983,RLS
Halmahera Barat,0.1980568811371886,0.20222803768163677,0.1935226708193375,0.1831644108981489,0.2230279994636883,RLS
Halmahera Selatan,0.19828282861982163,0.21335777499988273,0.1825119231637049,0.18210033798166333,0.22374713523492742,RLS
Halmahera Tengah,0.19942882428562775,0.20620122528337884,0.1871770292118381,0.16673530631845696,0.24045761490069836,RLS
Halmahera Timur,0.19984734863602235,0.21232175387768162,0.19061898239782593,0.17736861545662125,0.21984329963184884,RLS
Halmahera Utara,0.19537376351706903,0.22644765112326773,0.1869913802464419,0.17714618203193133,0.21404102308129,Kemiskinan
Hulu Sungai Selatan,0.168534317832126,0.19911046689087966,0.2033723853672119,0.20250677095044722,0.22647605895933529,RLS
Hulu Sungai Tengah,0.16972507417117522,0.21106113703000268,0.19285464865658358,0.19892018358881333,0.22743895655342528,RLS
Hulu Sungai Utara,0.18420816555535288,0.18189299510300205,0.21016448345769453,0.2122165799512034,0.21151777593274712,Pangan Hewani
Humbang Hasundutan,0.17644660139843704,0.19711347680319374,0.19537849920385827,0.218292476844916,0.21276894574959496,Pangan Hewani
Indragiri Hilir,0.22859381682542296,0.19805141011489033,0.1708118633595616,0.19753595811067248,0.20500695158945265,Melahirkan Tidak di Faskes
Indragiri Hulu,0.2254990863586892,0.18382916329590338,0.17103177967230898,0.20971649187771835,0.20992347879538015,Melahirkan Tidak di Faskes
Indramayu,0.1998896631839585,0.20422521258742485,0.17487668160315678,0.19911221207758192,0.22189623054787794,RLS
Jayapura,0.20210998706874647,0.18371602794733854,0.17118332944508846,0.20369708503253356,0.239293570506293,RLS
Jember,0.14064934747483843,0.23862635279291858,0.20887574543861154,0.19665222374008484,0.2151963305535466,Kemiskinan
Jembrana,0.183416412292584,0.2235212104849957,0.20961429306043006,0.18894806263694364,0.19450002152504656,Kemiskinan
Jeneponto,0.14156778693016517,0.2230155134859243,0.210406038072629,0.24142274067315178,0.18358792083812978,Pangan Hewani
Jepara,0.08577900872229594,0.23661584505231714,0.20442140140909568,0.21302327720637995,0.26016046760991135,RLS
Jombang,0.11736535447340207,0.22359423322243488,0.20037606102901584,0.2179489391742935,0.24071541210085368,RLS
Kaimana,0.1809770118944111,0.19079437668390195,0.18523927764583836,0.21875276197175444,0.22423657180409406,RLS
Kampar,0.2081464582668574,0.19907982091859402,0.16798682565882,0.21543608385183788,0.2093508113038907,Pangan Hewani
Kapuas,0.19853636628217278,0.18750877989943687,0.2074069702287932,0.20239981358284276,0.2041480700067543,Konsumsi Protein
Kapuas Hulu,0.1916632059005709,0.19284251039578423,0.19403512242407828,0.22029555200762452,0.20116360927194202,Pangan Hewani
Karanganyar,0.10080213788105588,0.2218493065808288,0.2070339756534875,0.2077647574977522,0.26254982238687563,RLS
Karangasem,0.1888539175335061,0.25923735178527363,0.17009712269838193,0.18225143238860547,0.19956017559423292,Kemiskinan
Karawang,0.24486159949799624,0.1711785477106197,0.17343897272988837,0.20289594509462033,0.2076249349668753,Melahirkan Tidak di Faskes
Karimun,0.1961976952252352,0.18029722406052381,0.1867593585773491,0.21145639515250184,0.22528932698439005,RLS
Karo,0.156016873570601,0.21671507649156527,0.19633606160790296,0.22463153049186513,0.20630045783806567,Pangan Hewani
Katingan,0.1945709414660951,0.19687037888630454,0.19276835074659968,0.21279071839983288,0.20299961050116785,Pangan Hewani
Kaur,0.1349593070340846,0.243571091481937,0.2204228173144409,0.16415473629946054,0.23689204787007695,Kemiskinan
Kayong Utara,0.2145590989652504,0.1677964927169555,0.19145528212957375,0.23952019328609309,0.18666893290212722,Pangan Hewani
Kebumen,0.10014064481358365,0.2325885691918197,0.19818189821037022,0.2147248379144399,0.25436404986978656,RLS
Kediri,0.12373735622337656,0.23170860170915775,0.19445539097568754,0.2258901820810535,0.22420846901072458,Kemiskinan
Keerom,0.18010204461768045,0.1944010510423556,0.1861778824811633,0.21180151348636092,0.22751750837243975,RLS
Kendal,0.08321733524077206,0.22509015029813564,0.20971170699237307,0.21670469654525087,0.2652761109234683,RLS
Kep. Siau Tagulandang Biaro,0.17698115693974847,0.22264454923002924,0.1883237880409544,0.18628903102873318,0.22576147476053476,RLS
Kepahiang,0.16060245254188743,0.2530318520606468,0.21336837636860867,0.17288125755228567,0.20011606147657143,Kemiskinan
Kepulauan Anambas,0.17428521749502945,0.16907478220829059,0.1843013607967602,0.22171261180415927,0.25062602769576053,RLS
Kepulauan Aru,0.1585485750206475,0.1926823897227142,0.17318994589145706,0.2638702586932282,0.21170883067195306,Pangan Hewani
Kepulauan Mentawai,0.19373293349861742,0.21355159898975629,0.1715450825258116,0.20617206011722855,0.2149983248685862,RLS
Kepulauan Meranti,0.20370139665621562,0.17787355490076504,0.17892807745480532,0.2236607771790457,0.21583619380916833,Pangan Hewani
Kepulauan Sangihe,0.17428448438410474,0.216133635828722,0.1853838428092305,0.19606231873869548,0.2281357182392473,RLS
Kepulauan Selayar,0.14653158132048133,0.2283530881522547,0.20378507238667243,0.22555643554880891,0.19577382259178266,Kemiskinan
Kepulauan Sula,0.20858063427473064,0.20794138034337706,0.18855061704912876,0.18991150826230815,0.20501586007045539,Melahirkan Tidak di Faskes
Kepulauan Talaud,0.1832185687684548,0.2264171869033634,0.18704487742435594,0.18176188773760535,0.22155747916622057,Kemiskinan
Kepulauan Tanimbar,0.13935990293156614,0.14888892624362596,0.14185330626445858,0.3144507705951617,0.2554470939651876,Pangan Hewani
Kepulauan Yapen,0.21212154115628531,0.19335634123901688,0.17736797352184297,0.17071336098616385,0.24644078309669107,RLS
Kerinci,0.19225719416888487,0.21710287614645865,0.19295427050800268,0.18420132007679527,0.21348433909985853,Kemiskinan
Ketapang,0.2011817945415032,0.1835701492848039,0.19769120293844156,0.22994144592639687,0.18761540730885443,Pangan Hewani
Klaten,0.08943291282967361,0.21617558250654414,0.2007427064152706,0.22216571383465056,0.27148308441386115,RLS
Klungkung,0.19531333644167348,0.2570219911877993,0.1756861012631147,0.18749695117799128,0.18448161992942122,Kemiskinan
Kolaka,0.15232698264995173,0.19704954229027427,0.21105501421293468,0.24191973486263846,0.1976487259842009,Pangan Hewani
Kolaka Timur,0.15292291804517832,0.20266173734189477,0.201729926026867,0.24891034712114438,0.19377507146491546,Pangan Hewani
Kolaka Utara,0.14539056177507678,0.19730048366085967,0.21713321816810233,0.25451093789765783,0.1856647984983034,Pangan Hewani
Konawe,0.14891889733104094,0.21585318460781894,0.20415088091829106,0.2403172199152014,0.19075981722764762,Pangan Hewani
Konawe Kepulauan,0.1691923873697362,0.20806328371719918,0.20999891456756226,0.22009162263618937,0.19265379170931296,Pangan Hewani
Konawe Selatan,0.15132532435636903,0.20205415339094046,0.210917665412043,0.22790791755551532,0.20779493928513226,Pangan Hewani
Konawe Utara,0.14953617708905625,0.20726775524412044,0.20780579510841352,0.24107288920245676,0.1943173833559531,Pangan Hewani
Kota Adm. Jakarta Barat,0.16664902207015422,0.18678956852303535,0.19230660316917003,0.21783920718777194,0.23641559904986853,RLS
Kota Adm. Jakarta Pusat,0.16987465388603631,0.18449781240557983,0.18792617409286458,0.21051162744303678,0.2471897321724825,RLS
Kota Adm. Jakarta Selatan,0.18287872299750607,0.18743096409576376,0.1769197111324098,0.21611255852537836,0.23665804324894202,RLS
Kota Adm. Jakarta Timur,0.198994908314364,0.18579722601629733,0.17575384079656178,0.2099147909718638,0.2295392339009131,RLS
Kota Adm. Jakarta Utara,0.16908848830147927,0.18716758307577452,0.1906118392812862,0.21388672769270267,0.2392453616487574,RLS
Kota Ambon,0.15255690708262765,0.2049552577277235,0.17212694098198206,0.261500482332583,0.2088604118750838,Pangan Hewani
Kota Balikpapan,0.17247364218340833,0.19500285746607166,0.19679944184823828,0.22547915923618347,0.21024489926609827,Pangan Hewani
Kota Banda Aceh,0.14279638981103165,0.24008500279905023,0.18819831839952011,0.20474573110845146,0.22417455788194657,Kemiskinan
Kota Bandar Lampung,0.16560155399115006,0.17794114941742672,0.20646810625362155,0.20310852931683654,0.24688066102096518,RLS
Kota Bandung,0.2483084076178565,0.17942591189630053,0.17982965337007165,0.198972225022907,0.19346380209286435,Melahirkan Tidak di Faskes
Kota Banjar,0.19930153704859163,0.20867883890947986,0.18766427893772372,0.20317308146311192,0.20118226364109293,Kemiskinan
Kota Banjarbaru,0.19038656942028304,0.19442404004352248,0.1927647932340788,0.19035055077667715,0.23207404652543856,RLS
Kota Banjarmasin,0.192881607006201,0.20946193754595155,0.18787104467824334,0.18974486151623002,0.22004054925337405,RLS
Kota Batam,0.1974150459412788,0.18756633506364012,0.18073090283880897,0.20190098483915483,0.23238673131711732,RLS
Kota Batu,0.11342280203459779,0.23814469018893536,0.20845056075434007,0.2209703705200332,0.21901157650209357,Kemiskinan
Kota Bau Bau,0.1493439405544452,0.22733515598307485,0.18170556378767433,0.23511333221186273,0.2065020074629429,Pangan Hewani
Kota Bekasi,0.19487340114885895,0.17746981558051944,0.1733050823393588,0.20243163253502483,0.25192006839623804,RLS
Kota Bengkulu,0.16176277610466128,0.2517183533967647,0.20740823627607455,0.173129600178259,0.20598103404424045,Kemiskinan
Kota Bima,0.14440612418893542,0.29528380240313823,0.18122783340700496,0.18543596352817293,0.19364627647274846,Kemiskinan
Kota Binjai,0.14751824815811126,0.20808556503740214,0.19774644229555025,0.22545499572210595,0.22119474878683043,Pangan Hewani
Kota Bitung,0.18106150147880645,0.2075041652048156,0.19240240797938865,0.1903894661843826,0.2286424591526067,RLS
Kota Blitar,0.12248672745689221,0.23060565086539567,0.1984761173901266,0.19951667236197387,0.24891483192561165,RLS
Kota Bogor,0.23090335064072642,0.1774982276757157,0.1608655839646248,0.20237497927570622,0.22835785844322695,Melahirkan Tidak di Faskes
Kota Bontang,0.1780352548668793,0.1932634285270399,0.1954372646776883,0.23036455455356475,0.20289949737482782,Pangan Hewani
Kota Bukittinggi,0.18590331173268784,0.2115553958588727,0.1791218833693995,0.2158699917916166,0.2075494172474234,Pangan Hewani
Kota Cilegon,0.17843709001691063,0.1777545841550939,0.1858678892917826,0.19590495410063755,0.26203548243557534,RLS
Kota Cimahi,0.24682139404371484,0.1750178881637771,0.16899969932977685,0.205995610806161,0.20316540765657015,Melahirkan Tidak di Faskes
Kota Cirebon,0.1711596398573648,0.21177025871625524,0.1949504387295372,0.21297676220500064,0.20914290049184212,Pangan Hewani
Kota Denpasar,0.19253791660660932,0.2538640756845466,0.18851644929601766,0.17504413174284716,0.19003742666997925,Kemiskinan
Kota Depok,0.2192238909075959,0.17433894814016804,0.1666299496533932,0.19921781843788364,0.2405893928609592,RLS
Kota Dumai,0.18590439532406192,0.19064197381808204,0.18816225623295924,0.24826577707580044,0.18702559754909634,Pangan Hewani
Kota Gorontalo,0.16600756756755103,0.21405318242311236,0.19956014904528288,0.20622924004218074,0.21414986092187296,RLS
Kota Gunungsitoli,0.17488131703482465,0.19742079211241734,0.18303735033100246,0.22326342301935329,0.2213971175024023,Pangan Hewani
Kota Jambi,0.177052928619456,0.23578831870578354,0.20820770931536312,0.17083200303305118,0.20811904032634623,Kemiskinan
Kota Jayapura,0.20035529426540202,0.19113352146891616,0.1681071902934575,0.19881448895428494,0.24158950501793944,RLS
Kota Kediri,0.12136904617856498,0.2362633431489462,0.19842194097040775,0.20120863678581727,0.2427370329162638,RLS
Kota Kendari,0.15100692678037309,0.20759629469249363,0.22270935688749438,0.22493774089822638,0.19374968074141252,Pangan Hewani
Kota Kotamobagu,0.16310342777860462,0.22558628458709196,0.19215376304239543,0.1910048787045776,0.2281516458873304,RLS
Kota Kupang,0.14264973191782515,0.1953453219521707,0.16744656664133611,0.29434376329059064,0.2002146161980774,Pangan Hewani
Kota Langsa,0.15031088315939092,0.2250878307114631,0.19616879245415386,0.21449808427415368,0.21393440940083844,Kemiskinan
Kota Lhokseumawe,0.14904242139502302,0.24196349018934057,0.19332245564645528,0.20253903076762558,0.21313260200155548,Kemiskinan
Kota Lubuk Linggau,0.17008724078475068,0.25456684816167946,0.21596954395536927,0.17043923177594308,0.18893713532225748,Kemiskinan
Kota Madiun,0.11912083738545716,0.21906364210585505,0.20840750957480558,0.19698312642252142,0.25642488451136075,RLS
Kota Magelang,0.0870077320202325,0.2111010057147276,0.21380287316474192,0.21708253059995808,0.27100585850034,RLS
Kota Makassar,0.14250510909896694,0.21869437239983988,0.20736000054715614,0.24218703631884564,0.18925348163519143,Pangan Hewani
Kota Malang,0.13441750924179238,0.2331561676615999,0.19832853071546197,0.200986202069198,0.23311159031194773,Kemiskinan
Kota Manado,0.17429380130149238,0.20465121315734416,0.20381447934447047,0.1925699335605423,0.22467057263615064,RLS
Kota Mataram,0.21233579395371946,0.28056529235879774,0.15184405551291555,0.17282134149305464,0.18243351668151267,Kemiskinan
Kota Medan,0.1556573903294331,0.22679535695860617,0.18925373333679088,0.21993074385267283,0.208362775522497,Kemiskinan
Kota Metro,0.17150713956914013,0.1776902293737722,0.20041777947669254,0.19661094337808574,0.2537739082023094,RLS
Kota Mojokerto,0.1153723004067239,0.22924967361528603,0.20572052306079003,0.20813352443731498,0.24152397847988505,RLS
Kota Padang,0.18866625625482916,0.20883918673384705,0.173628739906465,0.2180798634428438,0.210785953662015,Pangan Hewani
Kota Padang Panjang,0.19197344608367595,0.2099390917737128,0.1737858318257902,0.20534361658415815,0.2189580137326629,RLS
Kota Padang Sidempuan,0.19122814847512604,0.17993793498421162,0.17889259741222785,0.2465007154231676,0.20344060370526684,Pangan Hewani
Kota Pagar Alam,0.13889547416125744,0.260330495290036,0.21521320733096153,0.16455729527654855,0.2210035279411965,Kemiskinan
Kota Palangkaraya,0.2065840530954155,0.18912105218828323,0.2060796478909905,0.19849919887044387,0.19971604795486694,Melahirkan Tidak di Faskes
Kota Palembang,0.1477088165434325,0.23228652490612658,0.2439299242898272,0.16644122066648276,0.20963351359413088,Konsumsi Protein
Kota Palopo,0.13978749892016185,0.2140363027757757,0.2220046189289258,0.24907618326840103,0.17509539610673563,Pangan Hewani
Kota Palu,0.14026044642752805,0.2204012563978046,0.21026789894270415,0.24050490734546853,0.1885654908864947,Pangan Hewani
Kota Pangkal Pinang,0.15221413303847123,0.2080461197935757,0.22596312734447618,0.1798300158401174,0.2339466039833595,RLS
Kota Parepare,0.13911345843805575,0.19620890870270313,0.2093957723575538,0.2608349839777748,0.1944468765239125,Pangan Hewani
Kota Pariaman,0.18674478353094737,0.20741122981788265,0.18369090097718282,0.2147586458761385,0.20739443979784866,Pangan Hewani
Kota Pasuruan,0.1310709726173835,0.2311835493381435,0.21300520332116527,0.21010096300199393,0.21463931172131376,Kemiskinan
Kota Payakumbuh,0.2030143598657106,0.20822370769000853,0.16748330635022632,0.21110855157891584,0.21017007451513875,Pangan Hewani
Kota Pekalongan,0.11218093495562036,0.22777624760286383,0.19802522078936555,0.20843214564972945,0.25358545100242086,RLS
Kota Pekanbaru,0.18971407660149212,0.1935637722164743,0.1832543669575007,0.22990519995044112,0.2035625842740918,Pangan Hewani
Kota Pematangsiantar,0.1731118076469364,0.20377760912416865,0.1924964100987473,0.23506779983912768,0.19554637329101993,Pangan Hewani
Kota Pontianak,0.1835034716335917,0.16388372448509272,0.18955599697384795,0.24754238894335648,0.21551441796411117,Pangan Hewani
Kota Prabumulih,0.1442913836563252,0.26127740152923457,0.23368974342856058,0.16198646357862084,0.19875500780725877,Kemiskinan
Kota Probolinggo,0.1297103726266552,0.23059679249468848,0.21945350300150046,0.2008883442700039,0.219350987607152,Kemiskinan
Kota Sabang,0.145944977520288,0.23881481559389878,0.1964708795206538,0.2055646119691453,0.21320471539601407,Kemiskinan
Kota Salatiga,0.0860024227554995,0.23638399998893667,0.20441461534403088,0.2158245124071283,0.2573744495044046,RLS
Kota Samarinda,0.17046564711317944,0.20223752416186083,0.19294065531980753,0.22612169562182427,0.20823447778332793,Pangan Hewani
Kota Sawahlunto,0.18982492327052553,0.19861534020876415,0.18149508507711543,0.22649828452630777,0.20356636691728713,Pangan Hewani
Kota Semarang,0.08234365793744983,0.2185818339232139,0.21486024756073116,0.21165266689436055,0.27256159368424465,RLS
Kota Serang,0.19454342785809242,0.181953280773704,0.18272070461715956,0.19153954105425694,0.24924304569678707,RLS
Kota Sibolga,0.18132609300812627,0.18890142438511506,0.1825589980155623,0.23422958500991495,0.21298389958128142,Pangan Hewani
Kota Singkawang,0.16069956648555825,0.17052805242377309,0.19446050897043912,0.2205247385478467,0.2537871335723828,RLS
Kota Solok,0.19091415732903647,0.20365175299120994,0.17192361453467153,0.22190945872041276,0.21160101642466936,Pangan Hewani
Kota Subulussalam,0.15395203430945936,0.20327687355233645,0.19441233157772653,0.22835988354194767,0.21999887701852996,Pangan Hewani
Kota Sukabumi,0.23525650575602292,0.18046823323470307,0.16781077392395824,0.20054891698822083,0.215915570097095,Melahirkan Tidak di Faskes
Kota Sungai Penuh,0.2019032082614843,0.208819330107808,0.17896801564178264,0.19359158470892363,0.21671786128000142,RLS
Kota Surabaya,0.11376266317420683,0.22233403419657558,0.21818604316359316,0.20781741815293958,0.23789984131268493,RLS
Kota Surakarta,0.09001023917281319,0.22135990150588325,0.21282415480949818,0.21182654294789066,0.2639791615639147,RLS
Kota Tangerang,0.1877789754067063,0.18107672042961448,0.17876430793369916,0.19693355729526743,0.25544643893471264,RLS
Kota Tangerang Selatan,0.21296032422078026,0.1618191285095304,0.17466233496356037,0.18855411147586987,0.2620041008302591,RLS
Kota Tanjung Balai,0.18076473172224222,0.19476098576993395,0.18685204269258182,0.23753129985718757,0.20009093995805444,Pangan Hewani
Kota Tanjung Pinang,0.20018341365486872,0.1960155154596093,0.17925701729745644,0.19177100619725462,0.23277304739081092,RLS
Kota Tarakan,0.15347709004616106,0.21487504023041784,0.19586672939486033,0.25491319570214244,0.1808679446264183,Pangan Hewani
Kota Tasikmalaya,0.20860711939330126,0.19984513030212436,0.1791683126733266,0.19955673816573383,0.2128226994655139,RLS
Kota Tebing Tinggi,0.1617254958982176,0.21073606481599289,0.18413595533454813,0.22452964660868646,0.21887283734255492,Pangan Hewani
Kota Tegal,0.15417248488258023,0.22287642103484037,0.1946751355847406,0.21143261757754536,0.21684334092029342,Kemiskinan
Kota Ternate,0.1949097634088356,0.20761296877231605,0.1866576770091249,0.1843104868914652,0.22650910391825832,RLS
Kota Tidore Kepulauan,0.19353513190553218,0.2245856430404524,0.1815724686906827,0.1741766467813174,0.2261301095820153,RLS
Kota Tomohon,0.17673788348525382,0.21301078246632346,0.19955644342488055,0.18348093007668695,0.22721396054685528,RLS
Kota Tual,0.16457529188573647,0.17694091616664157,0.177938356096509,0.25574696160690613,0.22479847424420685,Pangan Hewani
Kota Yogyakarta,0.09425310955539223,0.2191194122892212,0.2073484225495217,0.21390627224536635,0.2653727833604985,RLS
Kotabaru,0.1736168472504679,0.21616234840391751,0.20437269624804927,0.20079710627224015,0.20505100182532512,Kemiskinan
Kotawaringin Barat,0.20205871177404855,0.21010562690116985,0.19206655332288008,0.21045045611357013,0.18531865188833135,Pangan Hewani
Kotawaringin Timur,0.19693326193272764,0.19593571699251813,0.19636499234504778,0.20818943537454182,0.20257659335516456,Pangan Hewani
Kuantan Singingi,0.1953025271065365,0.1941867626178584,0.1755989412823798,0.22350361219254017,0.21140815680068512,Pangan Hewani
Kubu Raya,0.19945210251433113,0.17922211851324057,0.18316551826230804,0.24310175872962386,0.19505850198049637,Pangan Hewani
Kudus,0.10513927915772987,0.2074665308492088,0.20842496498580407,0.21588262092823188,0.2630866040790254,RLS
Kulon Progo,0.08787212338658762,0.22829541719531476,0.20329901508969453,0.22270033179580923,0.2578331125325939,RLS
Kuningan,0.18586685425711535,0.20365452687072302,0.19501217623504172,0.2090241645986303,0.20644227803848958,Pangan Hewani
Kupang,0.1492640330050633,0.20703617107163655,0.15506342222970493,0.2899484426200453,0.19868793107354987,Pangan Hewani
Kutai Barat,0.17225767563254452,0.19889673461968183,0.19722042596654404,0.2181010351605227,0.2135241286207069,Pangan Hewani
Kutai Kartanegara,0.16506062288981418,0.21321108370605246,0.200706355520622,0.22479143213763134,0.19623050574588005,Pangan Hewani
Kutai Timur,0.17561646325588798,0.18801666350068358,0.20475358248282252,0.23435922625359995,0.19725406450700597,Pangan Hewani
Labuhanbatu,0.18888837829318886,0.18331671889830112,0.18223374141244322,0.2563634883463495,0.18919767304971727,Pangan Hewani
Labuhanbatu Selatan,0.1813842575886901,0.19438692613288572,0.18470617235989528,0.23553922247036796,0.2039834214481609,Pangan Hewani
Labuhanbatu Utara,0.18030998427164263,0.18779827509030755,0.18949523667812512,0.2371428894429253,0.20525361451699942,Pangan Hewani
Lahat,0.14148022610539418,0.2585804017465578,0.22155142677735118,0.1592918357391497,0.2190961096315472,Kemiskinan
Lamandau,0.2047021811670478,0.18243454892829172,0.186594356744366,0.2293642231786469,0.1969046899816476,Pangan Hewani
Lamongan,0.10778492321092477,0.2353637343748892,0.20141356144871755,0.22006095511774706,0.2353768258477214,RLS
Lampung Barat,0.15377025921402565,0.2053884617748406,0.2153075235184854,0.18529851162567146,0.24023524386697698,RLS
Lampung Selatan,0.16072185074862835,0.1830797478939553,0.190317958757099,0.19875800030827523,0.26712244229204213,RLS
Lampung Tengah,0.17059520787733187,0.1762487187993674,0.20755783609807882,0.20295680603148866,0.2426414311937333,RLS
Lampung Timur,0.16390019442524825,0.17495418364398713,0.20127052830781994,0.20353778855976218,0.2563373050631825,RLS
Lampung Utara,0.15164295646688553,0.22603624728207178,0.20785692726146138,0.17915969651019836,0.23530417247938296,RLS
Landak,0.19334397232930928,0.17138877462400268,0.1883561286677698,0.23411034234241176,0.2128007820365065,Pangan Hewani
Langkat,0.14796672849673692,0.22620551148465362,0.19388842223604433,0.20752063897395104,0.2244186988086141,Kemiskinan
Lebak,0.1830555965256481,0.17932846294263768,0.17737464821663487,0.21610008476102396,0.2441412075540554,RLS
Lebong,0.16085035938936554,0.2845806506755883,0.18150488306470322,0.1619465158068791,0.2111175910634639,Kemiskinan
Lembata,0.14749093832499666,0.2265712474967924,0.1595776278134611,0.28025436164156964,0.18610582472318019,Pangan Hewani
Lima Puluh Kota,0.18015082922062986,0.20548256312851076,0.17826117419601084,0.22621087809603266,0.20989455535881585,Pangan Hewani
Lingga,0.18304260382973433,0.21516984831569122,0.1919390561373916,0.1861808266827035,0.22366766503447932,RLS
Lombok Barat,0.19607930733057413,0.2784404081848788,0.16389836336397318,0.1929862093743613,0.16859571174621257,Kemiskinan
Lombok Tengah,0.2076220362962488,0.27950599888829575,0.15034089329760422,0.1705279686511152,0.19200310286673605,Kemiskinan
Lombok Timur,0.18510951247136478,0.2942018916150615,0.1531583497962784,0.19246055562849063,0.17506969048880475,Kemiskinan
Lombok Utara,0.21537079209496307,0.26374198008037897,0.16346321551130666,0.18107118032856503,0.17635283198478632,Kemiskinan
Lumajang,0.13510468452928953,0.23257935451861725,0.2163212469981022,0.20536894499690223,0.21062576895708884,Kemiskinan
Luwu,0.1361142120539325,0.2218788739456538,0.2017272268942006,0.2537404915254815,0.18653919558073162,Pangan Hewani
Luwu Timur,0.1342793049035334,0.2151760198181747,0.2108352913436622,0.2496338683563282,0.19007551557830155,Pangan Hewani
Luwu Utara,0.13790698450700592,0.225399908613927,0.21732741640666894,0.23621978989831588,0.18314590057408225,Pangan Hewani
Madiun,0.11432251280099452,0.22047579310322746,0.20723815124834652,0.20574593664875407,0.2522176061986775,RLS
Magelang,0.08239495558009273,0.2149916207406172,0.2116564214723894,0.2136968922745989,0.2772601099323018,RLS
Magetan,0.10504113550969123,0.22468140761700894,0.20762557648983593,0.2037867335319551,0.2588651468515089,RLS
Mahakam Ulu,0.19640707265024637,0.20478757948567367,0.19011012950599482,0.215092626696923,0.19360259166116214,Pangan Hewani
Majalengka,0.2073298843333126,0.21042591506912034,0.1744637336340415,0.19931640034407944,0.2084640666194461,Kemiskinan
Majene,0.1538823655564697,0.20201495612292625,0.20422611613738995,0.2502411148557352,0.18963544732747895,Pangan Hewani
Malaka,0.13821297251735565,0.19232205802288393,0.15401745392498192,0.3036233283779266,0.21182418715685195,Pangan Hewani
Malang,0.10912007801883959,0.24666973590323638,0.2044672108466911,0.22239641747161823,0.21734655775961476,Kemiskinan
Malinau,0.17928354288885986,0.1946513212930393,0.2020944724446302,0.24392516162100517,0.1800455017524655,Pangan Hewani
Maluku Barat Daya,0.14410757222633203,0.1558611973847387,0.1530135324444007,0.3284530927512735,0.2185646051932551,Pangan Hewani
Maluku Tengah,0.17845622826657687,0.21166283230501345,0.175445055326226,0.22193600387691748,0.21249988022526617,Pangan Hewani
Maluku Tenggara,0.17771841630767132,0.1792330282693425,0.18561004092005137,0.24233096798163903,0.21510754652129585,Pangan Hewani
Mamasa,0.15219197192058503,0.19553848123046888,0.20583147421872117,0.23258689149147005,0.21385118113875481,Pangan Hewani
Mamberamo Raya,0.17866228164263967,0.19995376822229727,0.18779846175011417,0.20940460570122196,0.2241808826837269,RLS
Mamuju,0.14664469692931895,0.17301513525944343,0.2372001402675044,0.2617752397570372,0.18136478778669604,Pangan Hewani
Mamuju Tengah,0.1420941459473483,0.2032123524607593,0.22360166586585872,0.2408593577604584,0.19023247796557527,Pangan Hewani
Mandailing Natal,0.17998472264711957,0.19547000303641315,0.1910327331412027,0.23417646988146235,0.19933607129380218,Pangan Hewani
Manggarai,0.14443136716050353,0.25317228115266,0.20834036301393888,0.21896853180761894,0.17508745686527868,Kemiskinan
Manggarai Barat,0.1363662969760842,0.2805449210372264,0.19326543730140808,0.19719242855156113,0.19263091613372021,Kemiskinan
Manggarai Timur,0.1298476815356393,0.27419787845380716,0.1919817444278952,0.20979871049820709,0.1941739850844513,Kemiskinan
Manokwari,0.19864006439164067,0.20295125813841353,0.19005574560780003,0.18979131184524134,0.21856162001690443,RLS
Manokwari Selatan,0.20366276376108763,0.19731326474381733,0.1878144788551558,0.19423419273776985,0.21697529990216943,RLS
Maros,0.14054700402037043,0.2268447186436432,0.20726699658854864,0.23706017442305555,0.18828110632438214,Pangan Hewani
Melawi,0.21082080987414423,0.18922876680709305,0.19557569438445446,0.20884851479239355,0.1955262141419147,Melahirkan Tidak di Faskes
Mempawah,0.18765196505772927,0.18332532578977503,0.18228216240673137,0.2350878506656298,0.21165269608013454,Pangan Hewani
Merangin,0.20945504295226203,0.21438834657278905,0.19706399334596764,0.18006205620686774,0.19903056092211355,Kemiskinan
Mesuji,0.15896328585998276,0.20138520579337407,0.20634117313051384,0.17627773473097816,0.2570326004851512,RLS
Minahasa,0.17603169179459988,0.2133880007366102,0.195835650954895,0.19131353136745194,0.223431125146443,RLS
Minahasa Selatan,0.17127790728405168,0.2160172115902449,0.20204522062555638,0.1883300674561685,0.22232959304397854,RLS
Minahasa Tenggara,0.17377011786996135,0.21037018212601113,0.195563891543799,0.1886030876194446,0.23169272084078393,RLS
Minahasa Utara,0.17165672619230302,0.21146742590584044,0.20363536119458134,0.1888091814843211,0.22443130522295412,RLS
Mojokerto,0.1005543834724537,0.24405863230556982,0.20032957660627956,0.20988886805062718,0.24516853956506976,RLS
Morowali,0.14682385127378228,0.22180471640818397,0.20811029351273697,0.23783443813967622,0.18542670066562056,Pangan Hewani
Morowali Utara,0.13691156633709547,0.24917757721054856,0.21421707371470752,0.22291419456426398,0.17677958817338452,Kemiskinan
Muara Enim,0.1504168843116903,0.26995147306375356,0.2113605617304744,0.15955469851736276,0.20871638237671888,Kemiskinan
Muaro Jambi,0.1749827430639917,0.22182593188505648,0.20093044263593676,0.16917341740127165,0.23308746501374344,RLS
Muko Muko,0.18839005695127126,0.21865038000020853,0.20151028897233425,0.19147629173885627,0.19997298233732969,Kemiskinan
Muna,0.1602508452692359,0.2195089807538299,0.19513433006317335,0.23022710147427095,0.19487874243948988,Pangan Hewani
Muna Barat,0.16674350469138416,0.2080462946712641,0.20762496531591532,0.21036186432786727,0.2072233709935692,Pangan Hewani
Murung Raya,0.18469759084801263,0.19821658145476773,0.19690143654674175,0.21775747015611407,0.20242692099436382,Pangan Hewani
Musi Banyuasin,0.16846186522924522,0.23926121232606384,0.21466522748397093,0.16807026032818356,0.20954143463253647,Kemiskinan
Musi Rawas,0.15407929576085422,0.2814335052644283,0.19457547909090023,0.15557262481612122,0.21433909506769608,Kemiskinan
Musi Rawas Utara,0.18570798188539175,0.22857727329604055,0.2322458938082147,0.17079704516548844,0.18267180584486453,Konsumsi Protein
Nagan Raya,0.15908801445921186,0.21516049541599067,0.1882210698530747,0.2197393066037938,0.21779111366792897,Pangan Hewani
Nagekeo,0.1448456597450172,0.24164675946204056,0.19072749799572486,0.24121093758582005,0.18156914521139733,Kemiskinan
Natuna,0.1758550663770989,0.1599812660292896,0.18050435382135613,0.23727783883331105,0.24638147493894433,RLS
Ngada,0.14072599958460275,0.2640446643844125,0.18534758761430947,0.20076020161496247,0.20912154680171285,Kemiskinan
Nganjuk,0.10795096795630993,0.23370447360180904,0.196397823811869,0.21714487611085093,0.24480185851916106,RLS
Ngawi,0.10238991142373781,0.22138060991536668,0.21438219778279147,0.19818170179232875,0.26366557908577537,RLS
Nias,0.17509698975857063,0.20000269305818164,0.175407138180877,0.2282307397224093,0.22126243927996148,Pangan Hewani
Nias Barat,0.17849502864473196,0.19545131270462762,0.17964668512748724,0.21943752726916166,0.2269694462539915,RLS
Nias Selatan,0.18307213586271565,0.2004888738986797,0.17738878774612787,0.21927134506179338,0.21977885743068346,RLS
Nias Utara,0.17241877272336828,0.20528327111783876,0.18810286110925176,0.21749298709463974,0.21670210795490147,Pangan Hewani
Nunukan,0.16692403222620775,0.2167369016157398,0.18968520160865773,0.2447845546936286,0.18186930985576616,Pangan Hewani
Ogan Ilir,0.150010220231371,0.23061517023162909,0.22596859670655067,0.1644373457286818,0.22896866710176741,Kemiskinan
Ogan Komering Ilir,0.1635150475969647,0.23351545691878262,0.21844408244256336,0.1656767667514813,0.21884864629020806,Kemiskinan
Ogan Komering Ulu,0.14383537909207858,0.25142418665862665,0.2222428329336392,0.1660802147602608,0.21641738655539478,Kemiskinan
Ogan Komering Ulu Selatan,0.14943745096740224,0.24166607890754335,0.20476850975071115,0.1784777812166226,0.22565017915772068,Kemiskinan
Ogan Komering Ulu Timur,0.15045934137392492,0.24020579894735228,0.2024890499676493,0.17148212013617994,0.2353636895748935,Kemiskinan
Pacitan,0.11374824647492282,0.21994612721885606,0.20464762780480633,0.19915594078384524,0.26250205771756957,RLS
Padang Lawas,0.18901997428844539,0.19255070692367693,0.18533174972652777,0.2327066860566393,0.20039088300471058,Pangan Hewani
Padang Lawas Utara,0.19267540951645926,0.18571169300277446,0.1800884941185653,0.2417905843106796,0.1997338190515214,Pangan Hewani
Padang Pariaman,0.1843864052059549,0.21345189569233428,0.1783022933957359,0.20388076829362517,0.2199786374123497,RLS
Pakpak Bharat,0.1673310475333509,0.21028246245484497,0.18856233936617528,0.2240132161264365,0.20981093451919236,Pangan Hewani
Pamekasan,0.14972782244278562,0.22131633400438291,0.1988853707181751,0.20500926222508237,0.22506121060957396,RLS
Pandeglang,0.16426999339292866,0.16538329518892517,0.19237061905534933,0.19083144743147717,0.2871446449313197,RLS
Pangandaran,0.18223574808558815,0.2123004658851425,0.1936552733614506,0.20851199005404875,0.20329652261377,Kemiskinan
Pangkajene dan Kepulauan,0.13192570029543432,0.22152370632109408,0.20766663682961212,0.24401442750938074,0.19486952904447874,Pangan Hewani
Parigi Moutong,0.15383265385534056,0.21898400543471738,0.20276241425167374,0.21483997876609187,0.20958094769217647,Kemiskinan
Pasaman,0.1858670916384818,0.2070263575757277,0.18731621203621615,0.22204754447929742,0.1977427942702769,Pangan Hewani
Pasaman Barat,0.18259100822150648,0.19745160492590175,0.179653401514248,0.22836285739736864,0.21194112794097517,Pangan Hewani
Pasangkayu,0.14340499649443522,0.22137222478030585,0.21589874467741016,0.2355108559501942,0.1838131780976546,Pangan Hewani
Paser,0.1768122957291197,0.20180693564359053,0.20650001237827606,0.20117284960445792,0.21370790664455586,RLS
Pasuruan,0.11592510096748103,0.2431885443940984,0.22119282361567388,0.20322745702685635,0.2164660739958903,Kemiskinan
Pati,0.10737922768661952,0.21134473016699334,0.20524323718374626,0.22020521045909447,0.2558275945035465,RLS
Pegunungan Arfak,0.21944864690248111,0.18643499393276752,0.18162941460098994,0.1791900204830201,0.2332969240807413,RLS
Pekalongan,0.10883318393803106,0.22452017286833664,0.20469888797977293,0.2235575439819471,0.23839021123191229,RLS
Pelalawan,0.21302576273912321,0.17505480842398702,0.18183818381266723,0.19904511485416354,0.23103613017005906,RLS
Pemalang,0.11989630313580764,0.22781512842470214,0.1989165301233495,0.2232040438460383,0.23016799447010244,RLS
Penajam Paser Utara,0.16602646964798348,0.19968482415334204,0.19440745468144477,0.23043468251962565,0.2094465689976041,Pangan Hewani
Penukal Abab Lematang Ilir,0.1482635768071255,0.2873816169429986,0.2172244652592899,0.14830746024882946,0.19882288074175658,Kemiskinan
Pesawaran,0.17448525135139326,0.16667024696873495,0.2053445836798461,0.20047968854406906,0.2530202294559567,RLS
Pesisir Barat,0.15253478210590324,0.23235548228140285,0.20280908544898368,0.18760635019879604,0.2246942999649142,Kemiskinan
Pesisir Selatan,0.19429907739965963,0.2054601734266209,0.18502161056452357,0.20111162118908035,0.21410751742011558,RLS
Pidie,0.14698008334369267,0.2452234766559247,0.1796274969139746,0.2193055789185564,0.2088633641678517,Kemiskinan
Pidie Jaya,0.14405141336749072,0.23481328021291661,0.19806860474413965,0.2063921450346848,0.2166745566407682,Kemiskinan
Pinrang,0.13992617844067023,0.21453603791108555,0.20738667195655638,0.2542595778467187,0.18389153384496915,Pangan Hewani
Pohuwato,0.15363923430343873,0.23490685432389677,0.1800091084593338,0.19403458696942263,0.2374102159439081,RLS
Polewali Mandar,0.13638822482984825,0.19874440841072205,0.22701058904811655,0.2547081282572372,0.18314864945407588,Pangan Hewani
Ponorogo,0.12714621460262776,0.20599398816448047,0.20466269015358834,0.20460272724463652,0.25759437983466693,RLS
Poso,0.1426946457536973,0.21965400849988495,0.21545567849383915,0.24233661616700408,0.17985905108557454,Pangan Hewani
Pringsewu,0.1638096613568587,0.17912211824438326,0.19965228971996052,0.21149173588814127,0.24592419479065628,RLS
Probolinggo,0.13029507790063818,0.2348862554900023,0.20641081907300235,0.20877931477747516,0.21962853275888197,Kemiskinan
Pulang Pisau,0.1943110816710181,0.19536743129697112,0.1915076753869344,0.20405556960427418,0.2147582420408022,RLS
Pulau Morotai,0.19505518472030334,0.19738081145929753,0.19713517735391112,0.18169327780826905,0.22873554865821896,RLS
Pulau Taliabu,0.1857432544981702,0.2154013354141422,0.19703534930547853,0.2017216217057864,0.20009843907642275,Kemiskinan
Purbalingga,0.12579967092789038,0.22295669021212713,0.19643050940036633,0.21696815591686403,0.23784497354275208,RLS
Purwakarta,0.20142046805263933,0.1887701050883456,0.18480718714472688,0.211328912742433,0.2136733269718552,RLS
Purworejo,0.09623268707758548,0.22413210444408171,0.20903559678562303,0.21234162405716805,0.2582579876355417,RLS
Rejang Lebong,0.16523965033348903,0.25935816343353196,0.2158397152556951,0.16690591495717055,0.1926565560201134,Kemiskinan
Rembang,0.11352662973494113,0.20332120996228079,0.21083629255792888,0.21950075275942255,0.25281511498542664,RLS
Rokan Hilir,0.1801901050485887,0.19179594801721614,0.19358642168568302,0.2463661054903953,0.18806141975811677,Pangan Hewani
Rokan Hulu,0.1829036449219826,0.19635461673041843,0.18809077948059386,0.23002479794754174,0.2026261609194633,Pangan Hewani
Rote Ndao,0.14341058632364118,0.2196254027539166,0.17297510668589577,0.2736586551433134,0.1903302490932331,Pangan Hewani
Sabu Raijua,0.15084373154824207,0.24231101415017228,0.19155968135678045,0.23256681531139206,0.18271875763341316,Kemiskinan
Sambas,0.19315643826323428,0.1770336024465466,0.18727682243614374,0.22663724194600876,0.2158958949080666,Pangan Hewani
Samosir,0.16180668496167314,0.20711787983055874,0.18999650130383805,0.22731459141806282,0.2137643424858673,Pangan Hewani
Sampang,0.13432057917463383,0.22156526604988103,0.22751193336452438,0.2005444104821036,0.21605781092885723,Konsumsi Protein
Sanggau,0.21314194421518534,0.17814762587952024,0.17962231697057499,0.23962122963811405,0.18946688329660535,Pangan Hewani
Sarmi,0.179401262050161,0.1988558738552138,0.191330603907768,0.20709645941109142,0.22331580077576577,RLS
Sarolangun,0.19223408641192252,0.26085481247924597,0.17427998851949392,0.16091667628492118,0.21171443630441644,Kemiskinan
Sekadau,0.1960228800797478,0.19295803834353278,0.18352311488260953,0.225631526655081,0.20186444003902887,Pangan Hewani
Seluma,0.1519708481933117,0.2594889826638696,0.2020086197508267,0.17827754788886782,0.20825400150312415,Kemiskinan
Semarang,0.08005401707549095,0.22711030743300023,0.20727949343434948,0.22056460497120992,0.26499157708594945,RLS
Seram Bagian Barat,0.16653068777410074,0.23641052352583214,0.17054844069280642,0.20085694240153434,0.22565340560572633,Kemiskinan
Seram Bagian Timur,0.17182607924868223,0.1995993302340867,0.18719231864284822,0.23069791172490206,0.21068436014948075,Pangan Hewani
Serang,0.17015574118348517,0.18620618192688132,0.1877831664683573,0.19731523081009253,0.2585396796111837,RLS
Serdang Bedagai,0.1613462549967019,0.2165383099786936,0.1896748237331535,0.2210632633211806,0.21137734797027036,Pangan Hewani
Seruyan,0.20795224069798826,0.1979276035317533,0.2080127877651954,0.19128260869926914,0.19482475930579388,Konsumsi Protein
Siak,0.18886354261979055,0.18462421276595556,0.1772681097209397,0.23093191780632574,0.21831221708698845,Pangan Hewani
Sidenreng Rappang,0.14161480577149688,0.21334118034359315,0.20449966236175215,0.2534452416654199,0.18709910985773792,Pangan Hewani
Sidoarjo,0.10454994740423222,0.2373105343183966,0.20604137042109272,0.2282516886843283,0.22384645917195012,Kemiskinan
Sigi,0.13694552001029792,0.19443953660610605,0.21740256530990948,0.24317823310491468,0.20803414496877196,Pangan Hewani
Sijunjung,0.1992330004826751,0.19913274776447012,0.17842756741900218,0.20747589382389206,0.21573079050996052,RLS
Sikka,0.14531637943204753,0.22842530698315994,0.1724103436549632,0.24584790109431007,0.20800006883551928,Pangan Hewani
Simalungun,0.1630572421750331,0.21080352910732017,0.18019333365710943,0.2291513954582999,0.2167944996022374,Pangan Hewani
Simeulue,0.15075932115099214,0.2243726788418411,0.1934282394917408,0.22633945150947485,0.20510030900595114,Pangan Hewani
Sinjai,0.1434633360012433,0.21378597519781073,0.215579294294936,0.22925270455579566,0.19791868995021425,Pangan Hewani
Sintang,0.21654738270408902,0.17907862255251875,0.19693068556998247,0.20677598558487914,0.20066732358853068,Melahirkan Tidak di Faskes
Situbondo,0.1618599639645678,0.22325565690803917,0.21074136735693796,0.20434730527247635,0.19979570649797873,Kemiskinan
Sleman,0.09439150682079472,0.22451187777855353,0.20781438021323828,0.21621306046452407,0.2570691747228894,RLS
Solok,0.2029095811298749,0.1951504670704914,0.18035381080410529,0.20890917748130822,0.2126769635142202,RLS
Solok Selatan,0.21247289052762136,0.1875212081603277,0.17783469084102232,0.2035225418559923,0.2186486686150363,RLS
Soppeng,0.14184034906290344,0.20720234334705687,0.2057980684074185,0.24265767834082708,0.2025015608417941,Pangan Hewani
Sorong,0.2062190447771999,0.21627410926531565,0.18646471114827545,0.18070321437244666,0.21033892043676236,Kemiskinan
Sragen,0.09705537398212222,0.21898946770878058,0.20095121833627935,0.21747047457447488,0.265533465398343,RLS
Subang,0.2479883439015489,0.1668232600650411,0.18698577739769992,0.20062000541304637,0.19758261322266374,Melahirkan Tidak di Faskes
Sukabumi,0.22741860219996793,0.1815738948939355,0.16433785263837752,0.2028112113445526,0.22385843892316648,Melahirkan Tidak di Faskes
Sukamara,0.21875928554987237,0.19096340274949442,0.18891877278800087,0.21916282472185988,0.18219571419077252,Pangan Hewani
Sukoharjo,0.09527056373287018,0.21682901698190252,0.2128163266079845,0.2118247718283929,0.2632593208488499,RLS
Sumba Barat,0.15229947675075106,0.2816627598258644,0.17978673167865833,0.1955441654424045,0.19070686630232175,Kemiskinan
Sumba Barat Daya,0.156386562483763,0.29070098532084826,0.18270508869776617,0.19057339694840267,0.17963396654921993,Kemiskinan
Sumba Tengah,0.1453124231837826,0.26945323881776095,0.19492776967670128,0.20117412890891323,0.18913243941284197,Kemiskinan
Sumba Timur,0.13708202207247794,0.2768941835467167,0.195893825584806,0.1992333334081316,0.1908966353878678,Kemiskinan
Sumbawa,0.17208538919396515,0.2926528501736445,0.1526635140331785,0.19286114054994338,0.1897371060492684,Kemiskinan
Sumbawa Barat,0.1915991596208434,0.29838611265907616,0.1528522608798519,0.18479932974953256,0.17236313709069595,Kemiskinan
Sumedang,0.20706702014524445,0.17980927394598,0.1960056945590328,0.21554822369394602,0.20156978765579675,Pangan Hewani
Sumenep,0.17736218551944863,0.21278647351559257,0.22908490234343393,0.18936987103535008,0.1913965675861748,Konsumsi Protein
Supiori,0.22053274327713016,0.18311108116970598,0.18058473263502142,0.16575633809546908,0.2500151048226733,RLS
Tabalong,0.1754706888888201,0.18767191024366994,0.21062459033354974,0.20362797078892103,0.2226048397450392,RLS
Tabanan,0.181121894924482,0.24610723642744553,0.19458061007364036,0.1872121663372283,0.19097809223720386,Kemiskinan
Takalar,0.13444095708164508,0.22294089963384037,0.20884957673138935,0.2377769121805881,0.1959916543725371,Pangan Hewani
Tana Tidung,0.16856615715130474,0.20713451796197338,0.18170932709440196,0.26436004249734335,0.17822995529497654,Pangan Hewani
Tana Toraja,0.14284603968504778,0.19997906139797791,0.21875520692230163,0.25921271608574215,0.17920697590893053,Pangan Hewani
Tanah Bumbu,0.17542141097909095,0.2078754425465381,0.19913943688653626,0.20207202905942157,0.2154916805284131,RLS
Tanah Datar,0.19867770328810927,0.20079042343396333,0.1768337736768841,0.20627050774996614,0.21742759185107716,RLS
Tanah Laut,0.20044360895684507,0.20553438189198825,0.18348668502546817,0.19038303390060168,0.22015229022509683,RLS
Tangerang,0.1844617708297673,0.16686343822790753,0.19142965155483313,0.20581783196884937,0.2514273074186427,RLS
Tanggamus,0.15686770890383056,0.20947892996189788,0.19460258692331014,0.19524829189106743,0.24380248231989407,RLS
Tanjung Jabung Barat,0.19002917717776077,0.20647118674192205,0.17689172922787633,0.1883492998688393,0.2382586069836015,RLS
Tanjung Jabung Timur,0.19997349635423803,0.22142232693451,0.2005071196239965,0.1809652990802972,0.19713175800695834,Kemiskinan
Tapanuli Selatan,0.17971416495982115,0.19033313754095793,0.20217938310614122,0.23697442558316897,0.19079888880991078,Pangan Hewani
Tapanuli Tengah,0.17597002502779527,0.1907244919389607,0.1882777960939651,0.23876002019481157,0.20626766674446728,Pangan Hewani
Tapanuli Utara,0.179499234194464,0.19381415364982488,0.1899646526041228,0.23407406236906483,0.2026478971825235,Pangan Hewani
Tapin,0.18478204742835463,0.20696120723419176,0.18135741729742444,0.2039307210858893,0.22296860695413986,RLS
Tasikmalaya,0.22036512554635557,0.20323121872881725,0.17026984091418307,0.1951030899905215,0.2110307248201227,Melahirkan Tidak di Faskes
Tebo,0.22557130154847402,0.20649721706932103,0.15942533788604848,0.19695941012409546,0.21154673337206106,Melahirkan Tidak di Faskes
Tegal,0.1531910647208744,0.21363571782499025,0.19974852360844578,0.21645800899059342,0.21696668485509615,RLS
Teluk Bintuni,0.19343143978971034,0.19477946534837082,0.19100363751657168,0.19479504925860683,0.22599040808674037,RLS
Teluk Wondama,0.1881116680221012,0.19936487976372513,0.18762790376590738,0.2114592570413728,0.21343629140689346,RLS
Temanggung,0.09280720636602248,0.2271858608865901,0.20870423752220846,0.21625824898473356,0.2550444462404454,RLS
Timor Tengah Selatan,0.15385288487643167,0.20614135017659965,0.16321262880961843,0.28162709456092877,0.1951660415764215,Pangan Hewani
Timor Tengah Utara,0.14391607354815308,0.20604967715215372,0.16720570373742305,0.2844574214531983,0.19837112410907193,Pangan Hewani
Toba,0.1718182527439573,0.18187027063729724,0.19298931185674306,0.25878213760864766,0.19454002715335475,Pangan Hewani
Tojo Una Una,0.14670422670424418,0.2168733732394628,0.2015758090617064,0.22940717828208307,0.20543941271250357,Pangan Hewani
Toli Toli,0.14873494634736242,0.22735004847451254,0.18459442623653544,0.2182264229584025,0.2210941559831871,Kemiskinan
Toraja Utara,0.13447734134123013,0.21494868254807556,0.21821716836257865,0.2425317696378096,0.1898250381103061,Pangan Hewani
Trenggalek,0.10399408233581117,0.2279849672268281,0.201564959749158,0.20001890016688018,0.26643709052132253,RLS
Tuban,0.11148049290628997,0.2228582045168594,0.21080886674371202,0.20493075036711839,0.24992168546602014,RLS
Tulang Bawang,0.172218483209757,0.21674581212144725,0.1948807239877586,0.17907590047305375,0.23707908020798346,RLS
Tulang Bawang Barat,0.16327259109664707,0.2032527887011884,0.20419682154682992,0.1788205299544008,0.2504572687009338,RLS
Tulungagung,0.14410522752579974,0.21918132542402605,0.18802741825791855,0.20286050721042415,0.24582552158183152,RLS
Wajo,0.14328374013180495,0.19819636644549382,0.21243950246962426,0.24527535368854828,0.20080503726452872,Pangan Hewani
Wakatobi,0.14940292719312476,0.2130598551178652,0.168552849625355,0.24341675605151913,0.22556761201213582,Pangan Hewani
Waropen,0.19981863051572393,0.19303091627280364,0.18126696756670932,0.1865535459685808,0.23932993967618227,RLS
Way Kanan,0.16111579201827422,0.22693126670864816,0.20029326530602035,0.1811513824390737,0.23050829352798358,RLS
Wonogiri,0.1108693384029158,0.20990054612510523,0.19752135224161918,0.21693154703509712,0.2647772161952627,RLS
Wonosobo,0.0968400849085984,0.22646366687974118,0.21044092011542934,0.20719798628863242,0.2590573418075987,RLS
