kab_kota,provinsi,stunting,melahirkan_tidak_difaskes,kemiskinan,konsumsi_protein_per_kapita,pangan_hewani,rls,lon,lat
Simeulue,Aceh,18.4,0.08,17.69,53.1,49.38,9.89,96.08623173507993,2.6128618719394243
Aceh Singkil,Aceh,23.6,0.18,19.06,61.5,56.59,8.72,97.8450711416352,2.3479856909639154
Aceh Selatan,Aceh,28.1,0.04,12.02,57.8,51.63,8.92,97.43645538193391,3.162014322475823
Aceh Tenggara,Aceh,22.8,0.16,11.99,62.3,49.52,10.1,97.6975862650565,3.368996786453805
Aceh Timur,Aceh,28.0,0.14,13.26,58.7,52.3,8.48,97.62609089939502,4.6305590803259005
Aceh Tengah,Aceh,21.6,0.09,14.27,62.1,43.48,10.03,96.8812588942553,4.51995591055065
Aceh Barat,Aceh,20.2,0.0,17.6,63.7,56.09,9.99,96.18088578532738,4.454513742896919
Aceh Besar,Aceh,26.8,0.01,13.21,61.5,54.4,10.37,95.51515076080265,5.380157563413453
Pidie,Aceh,26.4,0.0,18.59,55.0,43.36,9.04,96.0333848601126,5.053666108073628
Bireuen,Aceh,21.8,0.05,12.1,57.6,51.55,9.59,96.60704146541488,5.093843082938084
Aceh Utara,Aceh,14.9,0.08,16.11,50.9,46.59,9.11,97.18180452464763,5.015804394192149
Aceh Barat Daya,Aceh,8.4,0.03,15.32,62.0,52.99,8.78,96.88028797528317,3.8226481961241636
Gayo Lues,Aceh,14.8,0.41,18.3,78.0,53.98,8.44,97.3600690802808,3.982731591441018
Aceh Tamiang,Aceh,22.7,0.25,12.17,60.5,53.82,9.3,97.98300459846513,4.224537757444703
Nagan Raya,Aceh,24.9,0.07,16.94,91.1,85.75,9.25,96.50769037366467,4.164313984119018
Aceh Jaya,Aceh,23.3,0.0,12.25,68.6,57.57,9.02,95.6780519211837,4.832514527082648
Bener Meriah,Aceh,22.1,0.17,18.18,77.3,62.4,10.13,97.00410824156492,4.770070482451579
Pidie Jaya,Aceh,26.6,0.03,18.28,62.3,52.72,9.59,96.21332526545662,5.124764231658529
Kota Banda Aceh,Aceh,19.8,0.01,6.95,62.4,55.97,13.1,95.32771386540992,5.55870554716411
Kota Sabang,Aceh,19.6,0.0,14.58,63.8,52.52,11.22,95.3057189666672,5.837763895828338
Kota Langsa,Aceh,11.4,0.26,10.33,59.6,50.83,11.28,97.98059638307292,4.481821686792353
Kota Lhokseumawe,Aceh,17.4,0.05,10.44,61.4,60.25,11.31,97.11119759405176,5.16527063738672
Kota Subulussalam,Aceh,19.8,0.3,16.38,54.5,41.8,8.43,97.9360159238399,2.730755927641524
Nias,Sumatera Utara,24.1,0.35,14.89,56.5,37.87,6.4,97.724590338436,1.06986863713297
Mandailing Natal,Sumatera Utara,17.3,0.23,8.69,60.9,36.96,9.11,99.36866501499044,0.7764157780174888
Tapanuli Selatan,Sumatera Utara,6.3,0.31,6.92,59.3,36.35,9.56,99.2669681482642,1.500669881277071
Tapanuli Tengah,Sumatera Utara,24.2,0.24,11.8,60.6,48.54,8.92,98.65368724693039,1.8360245046511998
Tapanuli Utara,Sumatera Utara,25.7,0.04,8.21,65.4,52.46,10.31,99.06507518073552,2.001214796116423
Toba,Sumatera Utara,21.0,0.16,8.07,62.246875,57.69,10.77,99.247563304385,2.3889741546235066
Labuhanbatu,Sumatera Utara,18.7,0.03,7.84,64.8,57.09,9.5,100.06160399579629,2.2856700971062605
Asahan,Sumatera Utara,11.1,0.13,8.12,62.3,56.91,8.85,99.55937482142119,2.8049521927979084
Simalungun,Sumatera Utara,19.6,0.15,7.72,59.2,46.93,9.73,99.02156535731616,2.9697261658941803
Dairi,Sumatera Utara,23.5,0.04,7.1,62.9,46.12,9.89,98.27919932850378,2.840526155128331
Karo,Sumatera Utara,17.6,0.04,7.37,71.2,56.55,10.12,98.30134841606076,3.1184495954899303
Deli Serdang,Sumatera Utara,19.6,0.01,3.44,60.7,52.39,10.29,98.69483395001743,3.480393243761038
Langkat,Sumatera Utara,16.9,0.02,9.04,58.1,47.1,8.74,98.22366995144077,3.7088631218584327
Nias Selatan,Sumatera Utara,23.1,0.75,16.32,58.7,39.61,6.52,98.09888105219747,0.3293434586992473
Humbang Hasundutan,Sumatera Utara,15.7,0.13,8.44,70.2,53.4,10.13,98.57771169129883,2.26117445834988
Pakpak Bharat,Sumatera Utara,23.1,0.03,6.87,63.5,45.0,9.73,98.24305602925035,2.54942635808308
Samosir,Sumatera Utara,23.4,0.0,11.63,78.4,67.73,9.61,98.72895855493812,2.562295201690942
Serdang Bedagai,Sumatera Utara,15.5,0.04,6.97,58.8,48.55,9.12,99.05770987285227,3.3662863650385537
Batu Bara,Sumatera Utara,17.0,0.05,10.94,54.4,46.61,8.51,99.47255199942983,3.235260858469567
Padang Lawas Utara,Sumatera Utara,21.8,0.39,8.97,62.3,39.56,9.82,99.76295904411273,1.590923816177811
Padang Lawas,Sumatera Utara,17.7,0.24,7.87,62.0,41.31,9.63,99.85120389584158,1.1422683506836153
Labuhanbatu Selatan,Sumatera Utara,22.0,0.25,7.73,61.7,51.46,9.19,100.1400180549948,1.8419637524145198
Labuhanbatu Utara,Sumatera Utara,7.3,0.12,8.98,62.5,52.82,9.14,99.75781092180777,2.4110310694917785
Nias Utara,Sumatera Utara,26.57,0.49,21.5,55.0,36.07,7.05,97.35540229069639,1.3149670961794702
Nias Barat,Sumatera Utara,25.4,0.25,22.68,53.4,31.48,7.26,97.49119252818018,1.0306850514780743
Kota Sibolga,Sumatera Utara,14.5,0.0,11.39,62.1,56.01,10.45,98.78930425147483,1.742549835517886
Kota Tanjung Balai,Sumatera Utara,3.9,0.06,11.97,66.5,64.89,9.69,99.79472509990624,2.9639964568332187
Kota Pematangsiantar,Sumatera Utara,10.9,0.03,7.2,62.0,54.04,11.82,99.05903398598774,2.961418746255022
Kota Tebing Tinggi,Sumatera Utara,10.4,0.0,8.79,72.6,65.34,10.87,99.15603098777714,3.328270368068601
Kota Medan,Sumatera Utara,5.8,0.0,7.94,65.0,61.85,11.79,98.6671966037394,3.62905296044561
Kota Binjai,Sumatera Utara,22.3,0.04,4.75,62.8,56.71,11.2,98.48921963359176,3.600228873478468
Kota Padang Sidempuan,Sumatera Utara,24.4,0.02,6.23,64.8,57.09,11.13,99.28569369046319,1.3908160534371616
Kota Gunungsitoli,Sumatera Utara,13.8,0.07,14.72,53.3,46.96,8.76,97.58668355318461,1.268531749186064
Kepulauan Mentawai,Sumatera Barat,20.4,0.56,13.89,53.3,56.55,8.03,99.33687918467982,-1.8495152395285297
Pesisir Selatan,Sumatera Barat,21.6,0.06,7.49,57.0,45.57,8.81,100.87929042928602,-1.7383980754240347
Solok,Sumatera Barat,23.4,0.06,7.31,58.6,38.34,7.91,100.8412914218063,-0.9835850626428321
Sijunjung,Sumatera Barat,22.2,0.16,5.78,55.0,35.91,8.62,101.09615312578575,-0.6905206787200463
Tanah Datar,Sumatera Barat,22.4,0.03,4.28,56.6,41.84,9.29,100.58406102876711,-0.4676503440144352
Padang Pariaman,Sumatera Barat,20.5,0.06,6.27,52.7,37.68,8.42,100.22793398328791,-0.565000755261365
Agam,Sumatera Barat,21.9,0.06,6.83,54.6,41.15,9.23,100.17088369837106,-0.2518805753854801
Lima Puluh Kota,Sumatera Barat,19.4,0.1,6.92,63.0,45.91,8.13,100.56965874033546,0.02034533983268628
Pasaman,Sumatera Barat,24.2,0.17,6.74,59.8,38.31,8.14,100.08721913575232,0.3926289699086092
Solok Selatan,Sumatera Barat,14.7,0.16,6.56,60.3,41.74,8.85,101.26767794117774,-1.4236056419558918
Dharmasraya,Sumatera Barat,16.5,0.05,5.32,58.6,45.21,8.98,101.55722339265303,-1.1312499346148688
Pasaman Barat,Sumatera Barat,20.6,0.06,7.0,59.8,44.12,8.99,99.68550152863949,0.20345367868597455
Kota Padang,Sumatera Barat,17.3,0.0,4.06,58.0,48.88,11.63,100.4376435366869,-0.8988752467056614
Kota Solok,Sumatera Barat,14.4,0.0,3.07,58.1,46.37,11.37,100.62986592969956,-0.7828671354532273
Kota Sawahlunto,Sumatera Barat,17.1,0.02,2.33,60.6,49.8,10.53,100.75440604263918,-0.652699075452828
Kota Padang Panjang,Sumatera Barat,16.7,0.0,5.31,57.5,48.3,12.0,100.40229565866974,-0.4724543912639219
Kota Bukittinggi,Sumatera Barat,13.2,0.0,4.08,59.4,47.4,11.65,100.37253703561981,-0.299583414080955
Kota Payakumbuh,Sumatera Barat,14.3,0.0,5.19,59.8,46.1,10.89,100.63211796302733,-0.22698541671785336
Kota Pariaman,Sumatera Barat,13.6,0.0,4.26,58.9,47.61,11.06,100.13810080548754,-0.6085971648536129
Kuantan Singingi,Riau,19.9,0.09,7.89,59.5,56.44,9.14,101.50591953451116,-0.47417992222547223
Indragiri Hulu,Riau,15.0,0.19,6.02,55.2,49.75,8.43,102.3318831542071,-0.5414479595717919
Indragiri Hilir,Riau,1.4,0.3,5.66,55.5,49.41,7.32,103.16380610935579,-0.2334566282685532
Pelalawan,Riau,10.1,0.27,8.49,59.6,53.35,8.96,102.28039169651498,0.2175143368617919
Siak,Riau,14.6,0.16,5.08,62.7,60.35,9.92,101.87542205041913,0.8170253200627076
Kampar,Riau,16.2,0.14,6.92,55.5,53.76,9.58,101.0657528428079,0.3214091350296119
Rokan Hulu,Riau,14.7,0.08,9.62,62.0,51.54,8.94,100.50535645751904,0.9430558662205
Bengkalis,Riau,9.9,0.06,6.36,64.9,64.31,9.74,101.64286612657145,1.4119566739621554
Rokan Hilir,Riau,19.2,0.15,7.01,58.9,56.32,8.53,100.74918434711132,1.77318968838815
Kepulauan Meranti,Riau,15.6,0.26,23.15,56.7,51.57,8.12,102.64933201558198,1.0032717318560629
Kota Pekanbaru,Riau,11.1,0.02,3.15,59.0,58.32,11.96,101.4657262780803,0.5512775994523211
Kota Dumai,Riau,13.6,0.0,3.14,62.3,61.57,10.29,101.28227319164158,1.8207901123382164
Kerinci,Jambi,16.4,0.02,6.93,60.1,42.04,8.6,101.46533399817793,-2.0323504294761294
Merangin,Jambi,7.2,0.34,8.4,55.9,41.01,8.4,102.06831905388236,-2.19318167636222
Sarolangun,Jambi,4.4,0.23,8.36,53.3,41.36,8.35,102.67252176547137,-2.3063075393735275
Batanghari,Jambi,18.4,0.11,8.63,56.5,49.61,8.35,103.09795087354141,-1.7498363195986821
Muaro Jambi,Jambi,18.3,0.17,3.65,60.8,51.28,8.7,103.74222223260323,-1.6116621703404947
Tanjung Jabung Timur,Jambi,20.3,0.4,10.14,64.1,57.2,7.7,103.96530239024887,-1.2253869536493227
Tanjung Jabung Barat,Jambi,5.1,0.43,9.54,58.6,50.97,8.32,103.11457009597768,-1.0713053365668728
Tebo,Jambi,14.9,0.21,6.12,55.6,41.56,8.04,102.3643071677086,-1.3075952739303214
Bungo,Jambi,20.4,0.05,5.06,62.2,48.97,8.6,101.9271127144245,-1.5915994550721915
Kota Jambi,Jambi,8.6,0.07,7.73,60.4,54.58,11.51,103.599789010878,-1.6181782927920334
Kota Sungai Penuh,Jambi,6.4,0.03,2.92,56.0,44.32,10.48,101.33925723009023,-2.1132934877003926
Ogan Komering Ulu,Sumatera Selatan,19.2,0.2,10.68,56.7,44.44,8.86,104.10519055694235,-4.093787439480343
Ogan Komering Ilir,Sumatera Selatan,17.6,0.2,12.08,65.6,53.24,7.19,105.39727665882526,-3.3639733092906265
Muara Enim,Sumatera Selatan,16.6,0.3,9.79,65.6,50.19,8.27,103.99660856241196,-3.6367760920266345
Lahat,Sumatera Selatan,10.6,0.22,14.14,67.6,50.05,8.69,103.37893492918808,-3.828883921839676
Musi Rawas,Sumatera Selatan,15.3,0.24,13.44,67.6,48.29,7.57,103.13655955538792,-3.1654443276277697
Musi Banyuasin,Sumatera Selatan,16.28,0.19,12.88,65.6,59.53,7.95,103.82781549227651,-2.4504364672234242
Banyuasin,Sumatera Selatan,16.8,0.34,9.31,74.9,65.8,7.48,104.68701934629902,-2.520319587237273
Ogan Komering Ulu Selatan,Sumatera Selatan,12.4,0.45,9.86,57.7,38.83,8.25,103.9101681896806,-4.5889970756139205
Ogan Komering Ulu Timur,Sumatera Selatan,9.3,0.09,9.75,66.6,51.61,8.08,104.5669551977646,-4.074392387885989
Ogan Ilir,Sumatera Selatan,20.7,0.19,12.3,64.8,53.93,8.09,104.60529941563995,-3.4153516044718732
Empat Lawang,Sumatera Selatan,21.6,0.3,10.78,64.5,39.51,7.68,102.94799554834594,-3.7515251012640958
Penukal Abab Lematang Ilir,Sumatera Selatan,17.4,0.44,9.82,60.8,45.55,7.27,103.99497128388083,-3.2009900075331927
Musi Rawas Utara,Sumatera Selatan,33.1,0.2,17.38,64.0,49.33,7.51,102.74372683339068,-2.7402054954621726
Kota Palembang,Sumatera Selatan,7.8,0.01,9.77,69.1,66.91,10.93,104.74131954001174,-2.9717221928879494
Kota Prabumulih,Sumatera Selatan,9.3,0.0,10.13,58.0,55.7,10.36,104.22887602400161,-3.4479665768595744
Kota Pagar Alam,Sumatera Selatan,11.6,0.12,8.18,69.2,46.08,9.44,103.26638759160504,-4.117611752414026
Kota Lubuk Linggau,Sumatera Selatan,15.7,0.02,11.14,65.2,50.85,9.94,102.8751101548901,-3.2630065712596545
Bengkulu Selatan,Bengkulu,18.3,0.0,17.1,65.4,49.55,9.42,103.02116055240194,-4.348412400653177
Rejang Lebong,Bengkulu,20.2,0.05,14.65,59.1,37.28,8.81,102.7020487229849,-3.4304620789274947
Bengkulu Utara,Bengkulu,16.8,0.04,10.96,60.7,41.45,8.32,102.00196073674655,-3.419615911114122
Kaur,Bengkulu,12.2,0.09,17.12,57.6,43.45,8.47,103.41234541714698,-4.611188533270435
Seluma,Bengkulu,17.7,0.12,17.23,60.7,45.0,8.14,102.65952586985642,-4.052034282749637
Muko Muko,Bengkulu,18.6,0.02,10.76,58.5,48.25,8.57,101.48191301901014,-2.690361180363659
Lebong,Bengkulu,16.7,0.09,10.45,61.2,40.75,8.41,102.24783610146106,-3.0900439716175567
Kepahiang,Bengkulu,22.1,0.04,12.9,60.2,39.3,8.37,102.64445261897785,-3.628942909541548
Bengkulu Tengah,Bengkulu,18.7,0.11,10.14,64.7,49.38,7.71,102.40435981019415,-3.685234597048703
Kota Bengkulu,Bengkulu,13.8,0.0,13.76,59.9,53.41,11.84,102.30815803599495,-3.8414025512865084
Lampung Barat,Lampung,17.3,0.05,10.68,60.5,35.73,8.56,104.25298334672523,-5.050595844119396
Tanggamus,Lampung,19.0,0.07,10.28,58.5,39.37,7.38,104.67408762554207,-5.4281713641835525
Lampung Selatan,Lampung,8.8,0.05,12.57,57.3,43.83,7.78,105.50124229208595,-5.530026220943956
Lampung Timur,Lampung,11.9,0.01,13.19,56.7,38.82,8.2,105.64898832381596,-5.131438109272374
Lampung Tengah,Lampung,12.4,0.03,10.37,60.4,43.3,7.97,105.27201334072532,-4.8563893197053565
Lampung Utara,Lampung,15.2,0.09,16.92,53.9,37.16,8.38,104.80736400765461,-4.796821442620237
Way Kanan,Lampung,11.6,0.19,10.43,58.8,41.82,7.75,104.60613748828003,-4.51434792904712
Tulang Bawang,Lampung,16.4,0.07,7.88,57.3,44.74,7.65,105.52759448738615,-4.373196403793055
Pesawaran,Lampung,14.0,0.16,11.86,62.0,41.7,8.0,105.11519506395963,-5.473553160055203
Pringsewu,Lampung,16.5,0.0,8.32,57.1,36.28,8.53,104.93340741523289,-5.33638123798422
Mesuji,Lampung,8.9,0.04,6.31,58.5,40.54,7.21,105.37837502826848,-4.024863449758931
Tulang Bawang Barat,Lampung,11.7,0.07,7.22,54.1,35.39,7.8,105.08744018531033,-4.425748330961722
Pesisir Barat,Lampung,16.2,0.21,12.64,63.4,41.28,8.73,104.16296469976133,-5.335740554327841
Kota Bandar Lampung,Lampung,12.0,0.0,7.37,57.2,48.08,10.99,105.2621322997849,-5.414200447552318
Kota Metro,Lampung,12.2,0.0,6.78,57.1,47.91,11.01,105.30795796470359,-5.117297361426031
Bangka,Kepulauan Bangka Belitung,17.8,0.04,4.24,66.0,66.27,8.45,105.91963484768858,-1.9043145505946093
Belitung,Kepulauan Bangka Belitung,16.3,0.02,6.11,62.0,67.8,9.05,107.7101750394079,-2.8676408891793934
Bangka Barat,Kepulauan Bangka Belitung,16.4,0.03,2.59,66.0,63.97,7.48,105.48762624099889,-1.8892304942076963
Bangka Tengah,Kepulauan Bangka Belitung,17.6,0.06,5.94,65.0,62.54,7.24,106.23392811153126,-2.4324448183357688
Bangka Selatan,Kepulauan Bangka Belitung,19.6,0.09,3.74,65.7,62.69,6.93,106.34916473492602,-2.77863394500345
Belitung Timur,Kepulauan Bangka Belitung,13.4,0.0,6.36,65.9,69.79,8.99,108.04817783593732,-2.9084931277034687
Kota Pangkal Pinang,Kepulauan Bangka Belitung,14.4,0.0,4.04,68.7,73.12,10.67,106.11321039809803,-2.1105136529568846
Karimun,Kepulauan Riau,18.2,0.17,5.78,61.3,62.23,8.91,103.53107182041835,0.8255405522009691
Bintan,Kepulauan Riau,3.49,0.11,5.44,62.8,63.67,9.15,104.70380300249032,1.0076330755701612
Natuna,Kepulauan Riau,15.5,0.14,5.04,65.2,75.14,9.2,108.26025907018662,3.7823942930964063
Lingga,Kepulauan Riau,14.7,0.18,9.99,64.2,71.64,7.6,104.52694669143484,-0.2218432946369491
Kepulauan Anambas,Kepulauan Riau,13.2,0.15,6.67,58.7,73.62,7.53,106.06457800816234,3.0876833603004323
Kota Batam,Kepulauan Riau,11.7,0.0,4.85,68.3,66.52,11.21,104.06355402205521,0.963010513252286
Kota Tanjung Pinang,Kepulauan Riau,10.2,0.0,6.86,70.2,68.81,10.67,104.48706418394717,0.919582046601681
Adm. Kep. Seribu,DKI Jakarta,14.8,0.0,13.03,58.4,63.81,9.26,106.57897115433545,-5.7004513775517465
Kota Adm. Jakarta Selatan,DKI Jakarta,12.3,0.0,3.03,69.6,59.9,11.95,106.81004003080099,-6.2726090763898545
Kota Adm. Jakarta Timur,DKI Jakarta,13.0,0.0,4.09,67.6,61.26,11.99,106.90068939915999,-6.254975892202364
Kota Adm. Jakarta Pusat,DKI Jakarta,16.8,0.0,4.63,66.8,53.84,11.61,106.83512425964673,-6.181201122381781
Kota Adm. Jakarta Barat,DKI Jakarta,13.4,0.0,3.94,65.1,54.07,11.24,106.7483011685529,-6.165335178568248
Kota Adm. Jakarta Utara,DKI Jakarta,14.4,0.0,6.44,72.5,59.93,10.85,106.86661526693841,-6.127184420072783
Bogor,Jawa Barat,7.59,0.24,7.05,58.7,38.72,8.39,106.76705093970843,-6.559832328125842
Sukabumi,Jawa Barat,16.0,0.18,6.87,64.6,40.29,7.34,106.70756022014523,-7.076433849183366
Cianjur,Jawa Barat,6.5,0.27,10.14,64.2,39.62,7.33,107.15920943754905,-7.131087583913166
Bandung,Jawa Barat,19.0,0.04,6.19,55.7,36.1,9.15,107.60871481949384,-7.097622047167347
Garut,Jawa Barat,10.5,0.27,9.68,59.5,34.99,7.85,107.78790783567622,-7.359562537820102
Tasikmalaya,Jawa Barat,13.8,0.31,10.23,58.6,35.97,7.97,108.14157191981721,-7.496843981150498
Ciamis,Jawa Barat,20.3,0.07,7.39,65.4,39.76,8.1,108.42867021947647,-7.290308849654718
Kuningan,Jawa Barat,17.1,0.12,11.88,57.6,33.41,7.9,108.55981852502002,-7.003404887424064
Cirebon,Jawa Barat,18.0,0.06,11.0,66.6,37.84,7.65,108.55217922575885,-6.746261279270816
Majalengka,Jawa Barat,15.2,0.05,10.82,62.0,35.03,7.53,108.2572029526607,-6.815146795674016
Sumedang,Jawa Barat,15.1,0.0,9.1,62.6,36.48,8.74,107.98127564190462,-6.824779401387033
Indramayu,Jawa Barat,7.2,0.03,11.93,74.6,47.66,6.95,108.16902462080282,-6.447514365284484
Subang,Jawa Barat,10.7,0.09,9.49,63.0,41.35,7.46,107.73182889631124,-6.484718768387501
Purwakarta,Jawa Barat,10.5,0.36,8.41,61.1,37.24,8.14,107.43077631267826,-6.595278211047097
Karawang,Jawa Barat,14.4,0.1,7.86,66.5,41.74,8.05,107.35429605026344,-6.252353489098488
Bekasi,Jawa Barat,18.2,0.03,4.8,62.1,43.67,9.76,107.12171641789143,-6.219794251698559
Bandung Barat,Jawa Barat,22.5,0.17,10.49,56.5,36.83,8.24,107.41497037809997,-6.890473576902961
Pangandaran,Jawa Barat,13.8,0.08,8.75,68.5,44.17,8.1,108.51858285135356,-7.635665477729809
Kota Bogor,Jawa Barat,18.1,0.07,6.53,56.0,39.82,10.71,106.79935742823353,-6.593494349655368
Kota Sukabumi,Jawa Barat,20.5,0.04,7.2,63.0,43.65,10.38,106.92435672249725,-6.939940221332495
Kota Bandung,Jawa Barat,18.9,0.01,3.87,60.4,44.83,11.07,107.63660129164303,-6.919243848663767
Kota Cirebon,Jawa Barat,11.2,0.11,9.02,60.1,38.37,10.53,108.55330547429394,-6.741720482504672
Kota Bekasi,Jawa Barat,9.2,0.02,4.01,68.7,57.47,11.79,106.97536482879472,-6.280841206488917
Kota Depok,Jawa Barat,10.8,0.0,2.34,63.9,53.93,11.59,106.81683701493682,-6.396206601775873
Kota Cimahi,Jawa Barat,18.6,0.0,4.39,60.3,46.4,11.52,107.54289589716413,-6.886320669202166
Kota Tasikmalaya,Jawa Barat,17.2,0.04,11.1,70.7,41.89,9.63,108.2191232791145,-7.360532221887049
Kota Banjar,Jawa Barat,16.3,0.0,5.85,72.0,44.81,8.83,108.56720422021196,-7.376990261576488
Cilacap,Jawa Tengah,13.4,0.05,10.68,53.9,30.9,7.4,108.88988880495265,-7.4890247891386785
Banyumas,Jawa Tengah,16.9,0.0,11.95,59.0,33.42,7.91,109.1757981645107,-7.455537569167973
Purbalingga,Jawa Tengah,19.5,0.01,14.18,55.3,28.53,7.36,109.40720551627331,-7.323247798887129
Banjarnegara,Jawa Tengah,17.7,0.0,14.71,58.5,35.02,6.87,109.65703624623931,-7.351360606643116
Kebumen,Jawa Tengah,15.8,0.05,15.71,59.2,32.7,7.87,109.61735609824662,-7.654989384783676
Purworejo,Jawa Tengah,12.5,0.01,10.87,55.1,31.22,8.65,109.96612653977343,-7.7004079184761505
Wonosobo,Jawa Tengah,20.9,0.0,15.28,61.5,34.41,6.9,109.90735180500337,-7.416333553212304
Magelang,Jawa Tengah,19.3,0.01,10.83,52.1,28.26,7.83,110.24721175009176,-7.5017590485001735
Boyolali,Jawa Tengah,11.97,0.01,9.63,52.8,31.75,8.17,110.65248476259968,-7.416567276021949
Klaten,Jawa Tengah,18.0,0.0,12.04,55.1,35.15,9.29,110.61945331067204,-7.685830745365976
Sukoharjo,Jawa Tengah,14.6,0.0,7.47,53.5,32.61,10.01,110.83483711036973,-7.680860488151314
Wonogiri,Jawa Tengah,12.7,0.06,10.71,57.8,34.06,7.68,110.99919480768587,-7.9193295657589085
Karanganyar,Jawa Tengah,4.1,0.01,9.59,63.9,38.58,9.26,111.01924939397516,-7.614158648705709
Sragen,Jawa Tengah,13.8,0.05,12.41,60.9,40.43,7.88,110.97414524103236,-7.385353425615331
Grobogan,Jawa Tengah,20.8,0.03,11.43,62.1,34.34,7.29,110.92717974133718,-7.117657273655366
Blora,Jawa Tengah,18.6,0.02,11.42,58.9,29.67,7.26,111.38743859788924,-7.074486341348664
Rembang,Jawa Tengah,13.1,0.0,14.02,66.1,41.26,7.73,111.46151893903306,-6.775146217929815
Pati,Jawa Tengah,14.1,0.0,9.17,64.3,46.64,7.82,111.04228325657398,-6.74338987548177
Kudus,Jawa Tengah,3.7,0.0,7.23,62.2,40.65,9.35,110.86990516205132,-6.790279547358409
Jepara,Jawa Tengah,15.6,0.02,6.09,57.4,41.61,8.27,110.76814383710233,-6.549103977657024
Demak,Jawa Tengah,8.9,0.01,11.89,59.5,41.82,8.28,110.63399965361407,-6.910803353419228
Semarang,Jawa Tengah,3.1,0.0,6.96,55.7,34.61,8.16,110.4735153295204,-7.270928485952664
Temanggung,Jawa Tengah,22.0,0.0,8.67,53.8,31.67,7.53,110.13630652023456,-7.2577148329103975
Kendal,Jawa Tengah,16.0,0.0,9.35,63.0,40.8,7.74,110.15733776787087,-7.038718780426617
Batang,Jawa Tengah,16.8,0.01,8.73,71.9,41.64,7.08,109.8615943275631,-7.021021538275435
Pekalongan,Jawa Tengah,16.5,0.0,8.95,66.6,37.91,7.48,109.6205018635382,-7.057032028158278
Pemalang,Jawa Tengah,15.4,0.05,14.92,66.5,33.58,6.56,109.39515996856666,-7.036848556871839
Tegal,Jawa Tengah,12.5,0.04,6.81,56.2,26.21,7.36,109.1585076625251,-7.028805332104993
Brebes,Jawa Tengah,20.1,0.04,15.6,59.5,28.16,6.41,108.92953056319621,-7.0628446739167146
Kota Magelang,Jawa Tengah,12.5,0.0,5.94,50.4,33.64,11.43,110.22011135850184,-7.4765557091946215
Kota Surakarta,Jawa Tengah,12.1,0.0,8.31,57.2,40.3,11.25,110.82314485195143,-7.557894806617499
Kota Salatiga,Jawa Tengah,12.1,0.0,4.57,58.4,48.53,11.48,110.49837395590411,-7.337679705704803
Kota Semarang,Jawa Tengah,10.6,0.0,4.03,60.4,44.88,11.05,110.39152196864555,-7.023904499456902
Kota Pekalongan,Jawa Tengah,16.9,0.0,6.71,66.7,38.42,9.34,109.67715498932587,-6.893409948111556
Kota Tegal,Jawa Tengah,15.3,0.05,7.64,64.7,34.84,9.28,109.11574700047314,-6.869175151932527
Kulon Progo,Daerah Istimewa Yogyakarta,14.8,0.0,15.62,52.1,27.46,9.2,110.1671126699347,-7.818736917597111
Bantul,Daerah Istimewa Yogyakarta,14.9,0.0,11.66,62.6,39.19,9.81,110.35488006213188,-7.901344799623574
Gunungkidul,Daerah Istimewa Yogyakarta,16.3,0.0,15.18,56.0,31.86,7.35,110.61179879403028,-7.993948784303947
Sleman,Daerah Istimewa Yogyakarta,13.9,0.0,7.46,68.6,45.49,11.33,110.38321196173594,-7.716478296338778
Kota Yogyakarta,Daerah Istimewa Yogyakarta,12.9,0.0,6.26,65.0,45.0,12.12,110.37435813115398,-7.803298442473046
Pacitan,Jawa Timur,10.6,0.12,13.08,60.9,31.42,7.9,111.17808202127921,-8.124980105125589
Ponorogo,Jawa Timur,8.0,0.0,9.11,54.9,29.0,7.8,111.49952328143515,-7.93136252308745
Trenggalek,Jawa Timur,5.7,0.12,10.5,56.7,36.88,7.92,111.627311597125,-8.160699394315703
Tulungagung,Jawa Timur,11.5,0.04,6.28,56.7,40.29,8.68,111.88772958526987,-8.113516890566254
Blitar,Jawa Timur,16.1,0.02,8.16,55.9,31.81,7.87,112.23721591648514,-8.131053741184221
Kediri,Jawa Timur,6.9,0.0,9.95,55.5,31.16,8.26,112.0892166054285,-7.828721658201287
Malang,Jawa Timur,19.0,0.02,8.98,54.0,34.14,7.8,112.6409269189134,-8.126035414008658
Lumajang,Jawa Timur,19.1,0.0,8.65,67.7,42.03,7.27,113.13848937379147,-8.125480997209241
Jember,Jawa Timur,23.5,0.02,9.01,60.5,34.31,6.54,113.65595071109944,-8.235203896497016
Banyuwangi,Jawa Timur,14.4,0.02,6.54,68.7,46.1,7.78,114.2059006442583,-8.364828060542473
Bondowoso,Jawa Timur,7.7,0.06,12.6,64.2,38.05,6.53,113.94770725091205,-7.943712785040243
Situbondo,Jawa Timur,8.1,0.09,11.51,64.1,36.72,6.93,114.05137530115869,-7.801458850018413
Probolinggo,Jawa Timur,11.3,0.07,16.45,59.4,35.88,6.31,113.32023176922512,-7.8664311120071835
Pasuruan,Jawa Timur,20.3,0.02,8.63,59.7,37.2,7.46,112.83185168143284,-7.742461231256752
Sidoarjo,Jawa Timur,10.6,0.0,4.53,59.0,50.25,10.91,112.7003048415005,-7.451484500443919
Mojokerto,Jawa Timur,12.2,0.02,9.37,57.5,37.44,9.13,112.48444691478743,-7.550736022717538
Jombang,Jawa Timur,15.0,0.01,8.6,58.0,35.39,8.78,112.26409573616417,-7.544678451640593
Nganjuk,Jawa Timur,18.3,0.05,10.17,68.3,34.11,8.25,111.93853422905082,-7.597532620375048
Madiun,Jawa Timur,9.1,0.0,10.63,61.0,34.05,8.2,111.64585034961063,-7.623649069620709
Magetan,Jawa Timur,8.8,0.0,9.32,55.7,34.73,8.69,111.3574307851203,-7.66339529238236
Ngawi,Jawa Timur,10.0,0.0,13.81,70.8,40.59,7.84,111.34341497092723,-7.438844735362879
Bojonegoro,Jawa Timur,9.7,0.0,11.69,56.2,33.13,7.59,111.80986719525383,-7.255608194478818
Tuban,Jawa Timur,9.4,0.0,14.36,58.7,40.2,7.53,111.89225098232265,-6.953438095151446
Lamongan,Jawa Timur,6.7,0.0,12.16,60.9,43.99,8.48,112.30073550109847,-7.131469464220669
Gresik,Jawa Timur,12.4,0.02,10.32,64.8,55.88,10.03,112.55860428201899,-6.927041213275503
Bangkalan,Jawa Timur,16.0,0.3,18.66,55.9,40.01,6.01,112.92953237795118,-7.044357508221856
Sampang,Jawa Timur,15.5,0.13,20.83,61.3,43.33,5.08,113.25633666178466,-7.052056582714423
Pamekasan,Jawa Timur,2.32,0.06,13.41,51.7,34.4,7.17,113.50404178682841,-7.065251890097851
Sumenep,Jawa Timur,15.5,0.16,17.78,77.4,58.84,6.1,114.40311118085747,-6.9664732277108765
Kota Kediri,Jawa Timur,16.1,0.0,6.51,58.6,36.78,10.92,112.01612442241819,-7.826371927674188
Kota Blitar,Jawa Timur,9.5,0.0,6.75,53.2,32.61,10.82,112.16697095993182,-8.094767817164099
Kota Malang,Jawa Timur,18.5,0.0,3.91,55.6,42.18,11.14,112.63590746906978,-7.978304430833298
Kota Probolinggo,Jawa Timur,9.88,0.01,6.18,57.8,38.86,9.72,113.20546891016726,-7.773812124648417
Kota Pasuruan,Jawa Timur,15.2,0.0,6.32,63.6,47.76,9.94,112.91000451887005,-7.649573198382243
Kota Mojokerto,Jawa Timur,1.12,0.0,5.57,58.1,46.03,11.38,112.43750775152506,-7.471389594989714
Kota Madiun,Jawa Timur,10.1,0.0,4.38,62.9,45.4,12.11,111.52726704103897,-7.629455300071029
Kota Surabaya,Jawa Timur,1.6,0.0,3.96,65.8,54.21,10.89,112.72358572449683,-7.274328016104703
Kota Batu,Jawa Timur,21.2,0.0,3.06,54.0,37.76,9.87,112.53375478016014,-7.834684964606332
Pandeglang,Banten,21.9,0.19,9.18,59.1,33.71,7.16,105.74291693800568,-6.590328399888732
Lebak,Banten,25.3,0.23,8.44,70.0,41.94,6.61,106.21242241047601,-6.64210546440096
Tangerang,Banten,19.1,0.01,6.55,65.6,48.86,9.06,106.51892837880611,-6.174491179396564
Serang,Banten,15.1,0.23,4.51,62.0,42.55,7.88,106.1460770490353,-6.141766745879202
Kota Tangerang,Banten,10.1,0.03,5.43,72.6,61.56,11.14,106.65199465801547,-6.184374533547935
Kota Cilegon,Banten,15.1,0.0,3.75,59.4,46.64,10.39,106.01849182447593,-5.998901076815241
Kota Serang,Banten,17.1,0.27,5.65,65.1,41.55,8.93,106.16675011655757,-6.123329971477472
Kota Tangerang Selatan,Banten,9.0,0.0,2.36,65.6,58.18,11.86,106.7073856687301,-6.3021235706047545
Jembrana,Bali,6.0,0.0,4.51,68.8,47.87,8.7,114.6828995943632,-8.31313912547214
Tabanan,Bali,6.8,0.0,4.4,63.1,44.76,9.57,115.07827352026871,-8.430257983811046
Badung,Bali,5.3,0.0,2.23,74.3,53.65,11.14,115.18836957002605,-8.582974692106328
Gianyar,Bali,4.7,0.0,4.0,69.2,45.22,9.84,115.28748639836579,-8.481002847985572
Klungkung,Bali,4.8,0.0,5.3,61.7,33.53,8.74,115.49367524646318,-8.66699294324717
Bangli,Bali,6.5,0.0,5.06,68.1,45.76,7.58,115.34729446745669,-8.29315451865909
Karangasem,Bali,10.8,0.0,6.52,58.5,34.42,6.7,115.52989330210745,-8.374292559830064
Buleleng,Bali,12.4,0.02,5.39,63.3,39.85,7.69,114.96090544765492,-8.200968666395617
Kota Denpasar,Bali,10.4,0.0,2.59,69.3,53.13,11.53,115.22081625387351,-8.668361621494023
Lombok Barat,Nusa Tenggara Barat,27.3,0.17,12.65,68.5,41.59,6.88,116.09342673155899,-8.665539216713434
Lombok Tengah,Nusa Tenggara Barat,13.34,0.21,12.07,73.5,43.65,6.73,116.28983111180975,-8.72220938132104
Lombok Timur,Nusa Tenggara Barat,25.1,0.36,14.51,82.9,53.32,7.36,116.53079859334484,-8.532427285235778
Sumbawa,Nusa Tenggara Barat,23.8,0.05,12.87,64.8,53.72,8.59,117.484277667576,-8.703445702038778
Dompu,Nusa Tenggara Barat,14.6,0.18,11.59,72.0,60.83,9.04,118.2169368367669,-8.472328890657908
Bima,Nusa Tenggara Barat,12.29,0.26,13.88,65.3,56.61,8.3,118.61911709899866,-8.474965800586682
Sumbawa Barat,Nusa Tenggara Barat,7.73,0.17,12.23,79.6,63.64,8.99,116.91443209950037,-8.830367657343398
Lombok Utara,Nusa Tenggara Barat,28.4,0.12,23.96,79.5,57.41,6.4,116.28290940922395,-8.348910481840033
Kota Mataram,Nusa Tenggara Barat,19.3,0.12,8.0,81.6,56.95,9.58,116.11095866982494,-8.590155607146805
Kota Bima,Nusa Tenggara Barat,22.0,0.24,8.12,69.6,53.83,10.96,118.78210800264671,-8.454873771388707
Sumba Barat,Nusa Tenggara Timur,26.2,0.02,26.52,51.4,28.55,7.17,119.38337502514884,-9.641463028395236
Sumba Timur,Nusa Tenggara Timur,23.8,0.02,27.04,58.9,33.38,7.77,120.25485581743735,-9.878011835857036
Kupang,Nusa Tenggara Timur,30.4,0.15,21.37,50.7,26.39,7.62,123.86139205699524,-9.916414074914625
Timor Tengah Selatan,Nusa Tenggara Timur,36.8,0.2,24.68,50.7,20.28,7.21,124.39708710788776,-9.82934324108813
Timor Tengah Utara,Nusa Tenggara Timur,35.4,0.13,20.89,58.3,28.03,8.17,124.56918295036068,-9.37795586550336
Belu,Nusa Tenggara Timur,31.3,0.05,13.86,55.0,27.42,7.5,124.96741357464556,-9.155145456576335
Alor,Nusa Tenggara Timur,27.9,0.32,19.87,51.1,36.32,8.61,124.56841001104117,-8.303944527058846
Lembata,Nusa Tenggara Timur,20.4,0.03,24.22,48.0,40.1,8.27,123.54078628733679,-8.381219235367647
Flores Timur,Nusa Tenggara Timur,23.8,0.0,11.25,60.3,42.75,8.06,122.94446426291826,-8.365197502788154
Sikka,Nusa Tenggara Timur,22.0,0.02,11.89,55.6,35.72,6.99,122.30663858044765,-8.609387628966873
Ende,Nusa Tenggara Timur,24.8,0.0,22.57,52.7,33.46,8.29,121.73543333366305,-8.676398175576177
Ngada,Nusa Tenggara Timur,26.0,0.01,11.87,63.2,36.94,8.83,121.00156407813431,-8.664640463637106
Manggarai,Nusa Tenggara Timur,29.6,0.11,19.01,64.1,30.23,7.91,120.40106410482134,-8.568921802438888
Rote Ndao,Nusa Tenggara Timur,22.3,0.14,25.78,44.7,30.02,7.83,123.12439308395392,-10.726023447149993
Manggarai Barat,Nusa Tenggara Timur,24.8,0.11,16.74,56.6,29.59,8.21,119.98852802365236,-8.602776750046244
Sumba Tengah,Nusa Tenggara Timur,28.9,0.08,30.84,55.8,34.3,7.23,119.66864970311183,-9.543221204460767
Sumba Barat Daya,Nusa Tenggara Timur,30.7,0.24,27.2,51.7,24.59,6.39,119.1773364359001,-9.534178936313268
Nagekeo,Nusa Tenggara Timur,19.0,0.05,12.3,47.2,24.7,8.23,121.27320072648608,-8.689786231218113
Manggarai Timur,Nusa Tenggara Timur,29.6,0.41,24.9,58.3,25.53,7.96,120.6893078861149,-8.572887021119715
Sabu Raijua,Nusa Tenggara Timur,24.6,0.26,28.13,57.3,42.82,6.99,121.8444543857644,-10.53570267063168
Malaka,Nusa Tenggara Timur,16.0,0.12,13.92,59.1,30.79,7.14,124.88843512297532,-9.524303156474943
Kota Kupang,Nusa Tenggara Timur,21.7,0.05,8.24,56.9,41.43,11.64,123.60454300778702,-10.204513149025786
Sambas,Kalimantan Barat,28.0,0.09,6.53,57.6,43.95,6.76,109.34957767153976,1.4231277590492526
Bengkayang,Kalimantan Barat,18.0,0.02,6.0,58.0,48.01,7.41,109.57841479597454,1.0119756009054022
Landak,Kalimantan Barat,23.3,0.09,8.98,61.1,46.84,7.46,109.7640807029976,0.5076946391095242
Mempawah,Kalimantan Barat,20.6,0.23,4.83,57.0,51.08,7.21,109.15419030148045,0.3517815842087103
Sanggau,Kalimantan Barat,13.9,0.24,4.67,54.3,46.84,7.47,110.43072787563145,0.268700632812297
Ketapang,Kalimantan Barat,12.3,0.44,8.5,59.2,57.11,7.68,110.6054388434309,-1.6333212275058793
Sintang,Kalimantan Barat,21.7,0.25,8.03,57.5,45.24,7.65,112.05437912328904,0.09261288512506098
Kapuas Hulu,Kalimantan Barat,16.7,0.02,7.4,55.7,50.48,8.03,112.80356351461594,0.8256508036759445
Sekadau,Kalimantan Barat,11.0,0.58,5.66,65.1,57.3,7.23,110.94892672562409,-0.01713569221638559
Melawi,Kalimantan Barat,22.67,0.36,10.62,52.9,41.11,7.66,111.72458764293832,-0.6304576246424102
Kayong Utara,Kalimantan Barat,18.3,0.26,8.84,61.9,54.61,6.54,109.87534827569269,-1.1044491289830995
Kubu Raya,Kalimantan Barat,21.7,0.31,4.08,54.6,47.88,7.05,109.5403751083314,-0.3918409675512826
Kota Pontianak,Kalimantan Barat,18.0,0.01,4.2,64.9,62.98,10.47,109.33169746970489,-0.025780651101206656
Kota Singkawang,Kalimantan Barat,18.3,0.0,4.53,60.8,60.14,8.22,109.03227801648502,0.8866522792914528
Kotawaringin Barat,Kalimantan Tengah,14.3,0.11,4.11,66.9,59.36,8.77,111.77417166167388,-2.5723517098540154
Kotawaringin Timur,Kalimantan Tengah,21.6,0.22,5.66,63.4,56.79,8.18,112.71523464097505,-2.086043103893399
Kapuas,Kalimantan Tengah,22.5,0.46,5.25,60.6,53.55,7.93,114.30277593757447,-1.7638633753670538
Barito Selatan,Kalimantan Tengah,24.3,0.34,4.83,61.2,59.89,9.22,114.91105939674488,-1.7744292873736853
Barito Utara,Kalimantan Tengah,16.0,0.41,5.67,55.8,48.72,8.92,115.13762416969904,-0.9284149784672429
Sukamara,Kalimantan Tengah,14.8,0.2,4.14,64.3,61.77,8.18,111.15956186471274,-2.6044606820746194
Lamandau,Kalimantan Tengah,22.1,0.28,3.25,67.7,68.04,8.82,111.41785116370721,-1.7714301883676162
Seruyan,Kalimantan Tengah,22.5,0.62,7.08,56.0,53.88,8.01,112.1987625091333,-2.2578956351032415
Katingan,Kalimantan Tengah,19.6,0.31,5.26,58.6,56.67,8.95,113.07095263633796,-1.6863792104934126
Pulang Pisau,Kalimantan Tengah,20.5,0.16,4.56,64.9,57.78,8.42,113.96756160036144,-2.6911174672051144
Gunung Mas,Kalimantan Tengah,11.6,0.71,5.68,60.1,59.76,9.37,113.55878027956484,-1.025156258258054
Barito Timur,Kalimantan Tengah,16.4,0.29,6.66,66.8,62.57,9.54,115.1439509456153,-1.9823590863437988
Murung Raya,Kalimantan Tengah,11.7,0.58,6.58,54.1,43.73,7.94,114.26233198952082,-0.03179005637106746
Kota Palangkaraya,Kalimantan Tengah,14.6,0.07,3.52,62.8,62.53,11.66,113.76748798967395,-2.007516127068567
Tanah Laut,Kalimantan Selatan,22.5,0.17,3.74,64.0,58.51,7.94,114.90532278313542,-3.8192647558066395
Kotabaru,Kalimantan Selatan,18.3,0.39,4.45,68.5,62.48,7.56,116.06318826094736,-2.985020590878455
Banjar,Kalimantan Selatan,26.6,0.29,2.36,70.2,58.03,7.95,115.07989355170757,-3.320536645653844
Barito Kuala,Kalimantan Selatan,12.3,0.3,4.36,66.0,56.95,7.92,114.63020275403382,-3.091262978095441
Tapin,Kalimantan Selatan,11.1,0.22,3.33,72.4,64.65,8.15,115.04513716603623,-2.9216445611490798
Hulu Sungai Selatan,Kalimantan Selatan,20.3,0.11,3.38,74.3,55.6,8.09,115.2055179809139,-2.729230370749692
Hulu Sungai Tengah,Kalimantan Selatan,17.2,0.04,5.81,74.0,52.14,8.35,115.47865812807771,-2.609375775434504
Hulu Sungai Utara,Kalimantan Selatan,36.0,0.17,5.75,66.2,54.43,7.78,115.15127023869472,-2.439265524618927
Tabalong,Kalimantan Selatan,7.6,0.1,5.64,67.7,57.97,9.15,115.5000561881303,-1.8620030925050377
Tanah Bumbu,Kalimantan Selatan,17.2,0.13,3.41,70.2,65.84,8.43,115.64712941120666,-3.439768890145065
Balangan,Kalimantan Selatan,13.0,0.19,4.87,71.4,53.29,8.13,115.62277091664156,-2.3178473491284985
Kota Banjarmasin,Kalimantan Selatan,19.8,0.02,4.58,70.2,64.13,10.35,114.59179849153215,-3.3291225768694703
Kota Banjarbaru,Kalimantan Selatan,13.5,0.0,3.79,65.8,60.56,11.0,114.79117659289466,-3.4747696271885893
Paser,Kalimantan Timur,17.8,0.24,8.63,62.1,61.03,8.92,116.09274475365945,-1.7368359094227837
Kutai Barat,Kalimantan Timur,21.0,0.12,9.56,64.2,63.9,8.89,115.82422182856172,-0.5026940672017275
Kutai Kartanegara,Kalimantan Timur,11.8,0.09,7.28,65.2,63.2,9.27,116.48009828323627,0.10799689877675721
Kutai Timur,Kalimantan Timur,20.6,0.14,8.81,63.7,58.17,9.47,117.12914359805801,0.9899332903722106
Berau,Kalimantan Timur,17.2,0.06,5.08,60.6,58.75,9.57,117.34011959629946,1.9125991882194475
Penajam Paser Utara,Kalimantan Timur,21.9,0.04,6.69,58.8,53.86,8.57,116.59035269899063,-1.1571513245208789
Mahakam Ulu,Kalimantan Timur,18.3,0.04,10.75,60.8,59.62,8.5,114.83610621257698,0.7318574371682226
Kota Balikpapan,Kalimantan Timur,20.2,0.04,2.23,65.0,60.2,10.99,116.87229089630766,-1.1566676727718643
Kota Samarinda,Kalimantan Timur,15.2,0.01,4.3,66.7,63.73,10.95,117.17706337216403,-0.5002817452773409
Kota Bontang,Kalimantan Timur,16.5,0.0,3.74,61.8,60.43,10.97,117.45806816526482,0.09326498868176711
Malinau,Kalimantan Utara,20.8,0.17,6.94,64.3,66.78,9.63,115.73563649387035,2.513630709933956
Bulungan,Kalimantan Utara,15.9,0.08,8.76,62.5,60.52,9.23,117.03202500805479,2.7976054765759755
Tana Tidung,Kalimantan Utara,5.9,0.08,4.47,59.0,62.47,9.24,117.15774190760142,3.5704989305330854
Nunukan,Kalimantan Utara,12.33,0.04,5.73,60.2,63.97,8.39,116.64288183797646,4.009256868502497
Kota Tarakan,Kalimantan Utara,10.8,0.03,5.56,61.9,66.96,10.37,117.59951086277829,3.3594090140476913
Bolaang Mongondow,Sulawesi Utara,16.4,0.22,7.74,64.4,50.24,8.38,124.03855951112371,0.7075463289629502
Minahasa,Sulawesi Utara,15.3,0.03,6.53,71.9,59.61,10.23,124.858110806675,1.250036945961101
Kepulauan Sangihe,Sulawesi Utara,16.7,0.12,10.84,54.8,49.6,8.65,125.54097627190137,3.5527187118607086
Kepulauan Talaud,Sulawesi Utara,9.4,0.2,8.17,53.5,46.97,9.96,126.78108585337324,4.22583368182785
Minahasa Selatan,Sulawesi Utara,19.3,0.08,8.97,65.7,50.25,9.43,124.5189031249445,1.0849813340984262
Minahasa Utara,Sulawesi Utara,13.5,0.03,6.95,67.1,61.36,10.35,125.0052953556106,1.548104311142762
Bolaang Mongondow Utara,Sulawesi Utara,18.6,0.05,7.88,57.6,44.67,8.61,123.47646701523901,0.7676423698373775
Kep. Siau Tagulandang Biaro,Sulawesi Utara,15.2,0.07,8.32,53.7,45.8,9.43,125.3969364297959,2.539181589905236
Minahasa Tenggara,Sulawesi Utara,15.0,0.05,11.72,62.5,48.9,9.14,124.7166525710422,1.0122011941716984
Bolaang Mongondow Selatan,Sulawesi Utara,14.4,0.15,11.33,57.1,47.84,8.28,123.9282638919072,0.4431081493328258
Bolaang Mongondow Timur,Sulawesi Utara,27.8,0.15,5.87,61.4,45.09,8.29,124.50988789057259,0.7160254241463763
Kota Manado,Sulawesi Utara,14.7,0.0,5.43,58.1,51.06,11.46,124.8478995057604,1.5249229094144499
Kota Bitung,Sulawesi Utara,16.7,0.05,6.27,67.9,58.47,9.96,125.15797407240923,1.489812555292067
Kota Tomohon,Sulawesi Utara,8.7,0.0,5.38,70.0,62.73,11.03,124.81504661873244,1.330532783407918
Kota Kotamobagu,Sulawesi Utara,16.7,0.04,5.12,67.5,43.8,10.35,124.31830769992712,0.7110776569205668
Banggai Kepulauan,Sulawesi Tengah,22.9,0.29,12.32,57.0,47.84,8.7,123.14329181380279,-1.3718066637241788
Banggai,Sulawesi Tengah,24.2,0.16,6.56,66.7,57.2,8.81,122.58828798506794,-1.01851056452746
Morowali,Sulawesi Tengah,19.3,0.04,11.55,64.1,59.15,9.38,121.923739457734,-2.7160621585002187
Poso,Sulawesi Tengah,16.9,0.04,14.23,60.3,46.24,9.54,120.53372781305025,-1.6784226211849893
Donggala,Sulawesi Tengah,22.3,0.26,15.3,67.8,55.46,8.0,119.83064284394985,-0.4361077197036661
Toli Toli,Sulawesi Tengah,21.7,0.03,12.45,53.3,42.24,8.91,120.73001399433862,0.9273454624914993
Buol,Sulawesi Tengah,26.1,0.04,13.08,56.8,45.13,9.2,121.38845301167227,0.9788865371937244
Parigi Moutong,Sulawesi Tengah,16.1,0.19,14.2,59.4,45.43,8.05,120.44905766573949,0.016893904437425996
Tojo Una Una,Sulawesi Tengah,11.4,0.13,16.36,53.1,43.63,8.56,121.57243789706081,-1.1241526254619327
Sigi,Sulawesi Tengah,24.6,0.15,12.06,61.4,35.39,9.04,119.9742260779144,-1.408787323605664
Banggai Laut,Sulawesi Tengah,22.1,0.32,13.78,57.5,49.36,8.65,123.52947076851287,-1.7801369798412245
Morowali Utara,Sulawesi Tengah,17.6,0.1,11.95,64.9,57.07,9.13,121.396031063402,-1.8270885260260696
Kota Palu,Sulawesi Tengah,19.1,0.02,5.94,58.3,44.79,11.75,119.91196590712497,-0.8369333944323363
Kepulauan Selayar,Sulawesi Selatan,20.5,0.08,10.79,62.4,51.5,8.49,120.71822285474865,-6.558894570960263
Bulukumba,Sulawesi Selatan,22.1,0.04,6.71,69.9,58.98,8.52,120.23433037034496,-5.431465153124081
Bantaeng,Sulawesi Selatan,16.9,0.12,8.26,69.3,52.16,7.26,119.98736529946483,-5.490187624824236
Jeneponto,Sulawesi Selatan,27.0,0.0,11.82,58.5,49.9,7.01,119.69888211408797,-5.5670396124325725
Takalar,Sulawesi Selatan,24.0,0.02,7.75,69.0,59.68,7.73,119.47414381386213,-5.418469434907157
Gowa,Sulawesi Selatan,13.4,0.03,6.85,66.9,52.51,8.53,119.71872047673116,-5.308929395212921
Sinjai,Sulawesi Selatan,28.6,0.06,7.82,61.2,45.82,7.82,120.13541304265263,-5.209294891975869
Maros,Sulawesi Selatan,22.4,0.0,9.32,61.4,51.11,8.05,119.72627799125785,-4.999653665798564
Pangkajene dan Kepulauan,Sulawesi Selatan,22.7,0.05,12.41,71.6,71.4,8.47,119.47921285387963,-4.93937396624752
Barru,Sulawesi Selatan,22.1,0.02,8.31,61.9,51.02,8.8,119.69485132714702,-4.440070712696204
Bone,Sulawesi Selatan,19.8,0.11,9.58,53.8,43.26,7.55,120.13003811441023,-4.695099309252483
Soppeng,Sulawesi Selatan,23.2,0.01,6.9,62.4,51.19,8.45,119.89338254702992,-4.33706777307684
Wajo,Sulawesi Selatan,16.9,0.04,6.47,58.3,50.5,7.46,120.1728253851068,-3.9918736960277963
Sidenreng Rappang,Sulawesi Selatan,20.3,0.02,5.02,66.2,56.14,8.21,119.95846090308699,-3.813155314238484
Pinrang,Sulawesi Selatan,18.2,0.0,8.55,62.8,48.5,8.53,119.60267555297422,-3.6283037343206557
Enrekang,Sulawesi Selatan,29.2,0.03,11.25,66.4,46.6,9.11,119.87457452096027,-3.5038854508065285
Luwu,Sulawesi Selatan,32.1,0.04,11.7,60.4,51.97,8.81,120.18313730626662,-3.199312583207309
Tana Toraja,Sulawesi Selatan,21.6,0.19,10.79,57.2,35.53,8.77,119.71163255476112,-3.115634650811974
Luwu Utara,Sulawesi Selatan,22.3,0.06,11.24,75.1,64.2,8.37,120.16444229241688,-2.395988981768034
Luwu Timur,Sulawesi Selatan,17.5,0.08,6.55,62.4,53.65,8.94,121.12836988734273,-2.556091114546992
Toraja Utara,Sulawesi Selatan,21.3,0.0,10.73,54.7,39.66,8.54,119.86426640947761,-2.879640830195617
Kota Makassar,Sulawesi Selatan,18.8,0.04,4.97,66.4,60.83,11.57,119.46389865512296,-5.135613545581445
Kota Parepare,Sulawesi Selatan,21.2,0.0,5.27,58.3,50.9,10.88,119.66355554583083,-4.031644082026487
Kota Palopo,Sulawesi Selatan,18.5,0.0,7.35,63.6,54.08,11.16,120.14776639296163,-2.9797099512417655
Buton,Sulawesi Tenggara,22.3,0.35,13.99,62.8,59.44,8.63,122.92293328948158,-5.316535431179526
Muna,Sulawesi Tenggara,18.7,0.38,13.78,50.0,36.82,8.71,122.629580754731,-4.944717992165203
Konawe,Sulawesi Tenggara,19.1,0.21,13.25,59.5,52.93,9.69,121.86339877121391,-3.5310797349862866
Kolaka,Sulawesi Tenggara,21.2,0.07,11.67,66.8,61.92,9.38,121.5220279001758,-4.074648388834102
Konawe Selatan,Sulawesi Tenggara,17.0,0.06,11.2,61.5,49.98,8.76,122.42330685352313,-4.262757194151811
Bombana,Sulawesi Tenggara,17.7,0.12,10.54,64.2,56.48,8.1,121.85241556482241,-4.801049565224898
Wakatobi,Sulawesi Tenggara,20.6,0.16,14.36,68.4,67.62,8.53,123.7854932739627,-5.571416748701636
Kolaka Utara,Sulawesi Tenggara,23.6,0.04,13.51,60.1,48.54,8.82,121.13403311072706,-3.2628015782016537
Buton Utara,Sulawesi Tenggara,25.5,0.16,14.09,59.1,53.77,9.24,123.01237375160815,-4.7038316958112825
Konawe Utara,Sulawesi Tenggara,22.2,0.2,13.17,60.9,54.75,9.61,122.03046910609075,-3.3907487319389387
Kolaka Timur,Sulawesi Tenggara,16.9,0.19,13.71,62.6,49.86,8.43,121.60868084552844,-3.7956517324093046
Konawe Kepulauan,Sulawesi Tenggara,20.6,0.16,15.54,51.0,35.82,9.46,123.0962508934454,-4.114591532038453
Muna Barat,Sulawesi Tenggara,22.4,0.17,13.38,54.7,40.43,8.09,122.49255187254765,-4.816939901763916
Buton Tengah,Sulawesi Tenggara,24.2,0.24,14.4,49.5,37.69,7.35,122.3986608903075,-5.3170181557479355
Buton Selatan,Sulawesi Tenggara,28.2,0.37,14.28,63.3,56.63,7.75,122.67155910995092,-5.604731594545522
Kota Kendari,Sulawesi Tenggara,20.0,0.07,4.23,67.4,58.43,12.55,122.53288161280476,-3.9977109305055127
Kota Bau Bau,Sulawesi Tenggara,21.4,0.06,7.4,52.9,44.4,11.03,122.67579301070064,-5.428775935484784
Boalemo,Gorontalo,6.3,0.02,17.83,59.6,41.08,7.31,122.32708397384347,0.652910212400025
Gorontalo,Gorontalo,22.1,0.05,16.43,58.0,45.41,7.95,122.71251438304094,0.6929032196791368
Pohuwato,Gorontalo,13.7,0.14,17.11,55.8,44.94,7.78,121.70982909484263,0.6883516825150848
Bone Bolango,Gorontalo,17.8,0.06,14.8,58.1,44.99,8.52,123.29231204900891,0.5323709642276003
Gorontalo Utara,Gorontalo,19.2,0.0,16.86,55.1,38.37,7.4,122.66452931887122,0.8855720330224122
Kota Gorontalo,Gorontalo,25.6,0.05,5.74,60.4,45.91,10.41,123.05530112395535,0.5384086897232483
Majene,Sulawesi Barat,24.6,0.08,13.64,59.0,45.29,9.46,118.91846506208236,-3.173210369750993
Polewali Mandar,Sulawesi Barat,28.1,0.16,15.66,63.2,42.88,7.72,119.14732978962928,-3.310168733807352
Mamasa,Sulawesi Barat,35.7,0.17,14.2,52.3,30.11,8.13,119.31439896903724,-2.945768966572725
Mamuju,Sulawesi Barat,29.3,0.12,7.15,60.7,46.56,8.35,119.34455584206448,-2.5197389138091975
Pasangkayu,Sulawesi Barat,29.2,0.08,5.21,60.5,43.19,8.13,119.50763751895293,-1.4896916503022928
Mamuju Tengah,Sulawesi Barat,22.7,0.08,7.72,58.1,46.22,7.94,119.51108259676796,-2.0026680113293054
Kepulauan Tanimbar,Maluku,21.9,0.39,23.66,43.0,36.58,9.92,131.36651667133444,-7.584619603065146
Maluku Tenggara,Maluku,22.0,0.45,21.22,53.1,48.33,9.84,132.88806727650692,-5.677005135172146
Maluku Tengah,Maluku,17.8,0.52,17.67,53.7,53.36,9.79,129.2954055555071,-3.181406936812788
Buru,Maluku,19.3,0.3,16.08,50.8,44.22,9.02,126.72702333689449,-3.329419246828863
Kepulauan Aru,Maluku,22.4,0.74,23.39,47.1,47.72,9.21,134.45093476908767,-6.196625644644724
Seram Bagian Barat,Maluku,22.1,0.47,22.31,46.4,39.11,9.59,128.35598714926888,-3.135936778631491
Seram Bagian Timur,Maluku,20.5,0.73,21.03,50.5,50.39,9.0,130.44270243528763,-3.4199625252332484
Maluku Barat Daya,Maluku,18.3,0.38,27.95,59.9,50.25,9.13,127.30425610878657,-7.833301870478451
Buru Selatan,Maluku,26.2,0.8,14.91,39.9,29.41,8.48,126.52426724234063,-3.56764298929609
Kota Ambon,Maluku,15.3,0.29,5.13,56.5,48.35,12.24,128.19497621202737,-3.6853598131579575
Kota Tual,Maluku,19.1,0.38,20.01,56.7,50.98,10.67,132.48267103211563,-5.556933526301175
Halmahera Barat,Maluku Utara,17.8,0.28,8.75,46.1,36.5,8.59,127.59080491924962,1.3517754629079504
Halmahera Tengah,Maluku Utara,19.7,0.38,10.71,51.5,46.46,9.2,128.29530352776794,0.40187392188275484
Kepulauan Sula,Maluku Utara,14.0,0.55,7.96,47.3,42.22,9.17,125.83969507770098,-1.96382815804175
Halmahera Selatan,Maluku Utara,25.7,0.49,5.63,51.1,49.35,8.42,127.70518420741224,-0.8271887368262609
Halmahera Utara,Maluku Utara,17.0,0.37,4.71,52.7,48.24,8.67,127.83480303314494,1.554443706628952
Halmahera Timur,Maluku Utara,19.1,0.22,11.91,52.4,48.44,8.88,128.30864720330888,1.0295167626584731
Pulau Morotai,Maluku Utara,11.7,0.13,5.11,52.2,50.12,7.73,128.44838229659484,2.3164710066963003
Pulau Taliabu,Maluku Utara,20.4,0.71,7.13,47.9,44.61,7.99,124.73939552323748,-1.819433898171311
Kota Ternate,Maluku Utara,14.2,0.15,3.14,60.3,49.62,12.08,127.17250352625321,0.8385050089036383
Kota Tidore Kepulauan,Maluku Utara,12.0,0.09,6.56,46.8,39.95,10.12,127.67500969025778,0.4792840291155735
Fak Fak,Papua Barat,17.7,0.18,20.86,51.5,50.7,9.32,132.84273462815406,-3.11179129435372
Kaimana,Papua Barat,13.2,0.45,14.41,58.5,62.52,8.97,134.05628485430174,-3.585489547137168
Teluk Wondama,Papua Barat,22.5,0.56,28.47,46.5,48.63,7.38,134.40415555505203,-2.8501056273509726
Teluk Bintuni,Papua Barat,16.9,0.23,26.99,50.9,57.2,8.67,133.45373918992559,-2.154595446299385
Manokwari,Papua Barat,19.0,0.16,18.45,54.3,43.95,8.67,133.80041259585818,-0.9357307590086815
Manokwari Selatan,Papua Barat,19.6,0.14,26.83,52.9,36.57,7.17,134.01766705021137,-1.5480175841024577
Pegunungan Arfak,Papua Barat,26.4,0.66,31.76,33.7,22.61,5.72,133.70017174033862,-1.2865878023890909
Sorong,Papua Barat,16.2,0.33999999999999997,25.71,53.2,48.26,8.74,131.40920052479296,-0.9337539631438719
Jayapura,Papua,13.65,0.2,11.6,57.7,53.25,10.57,139.98870244280857,-3.0101987948246554
Kepulauan Yapen,Papua,22.2,0.54,25.69,61.9,58.63,9.71,136.1741562685735,-1.745485332987795
Biak Numfor,Papua,6.1,0.13,23.46,51.6,48.43,10.55,135.8443713495272,-1.0028519382194188
Sarmi,Papua,16.0,0.06,14.05,53.1,57.57,9.61,139.01303343605235,-2.452065410285531
Keerom,Papua,25.9,0.14,15.84,52.6,43.22,8.58,140.69238554381946,-3.3533641833372063
Waropen,Papua,13.4,0.6,29.85,39.5,42.39,9.42,136.75473117785634,-2.7540305766621924
Supiori,Papua,23.2,0.28,37.72,62.2,79.84,9.21,135.56426907413754,-0.7365850471872504
Mamberamo Raya,Papua,14.9,0.75,30.29,68.3,54.5725,6.49,138.4880849378066,-3.1400464518139044
Kota Jayapura,Papua,18.4,0.05,10.72,53.4,53.25,12.07,140.80013989553373,-2.66453250982708
